id,created_at,attraction_id,travel_type_id,type_name
354,2024-11-03 17:24:19.652296+00,23029423,71-38378,Công Viên Giải Trí
355,2024-11-03 17:24:19.935646+00,23898595,71-38636,Đảo/Bán Đảo
356,2024-11-03 17:24:19.935646+00,23898595,71-38660,Tham quan ban đêm
357,2024-11-03 17:24:20.21577+00,10521723,71-38522,Bãi Biển
358,2024-11-03 17:24:20.494825+00,10523367,71-38371,Núi
359,2024-11-03 17:24:20.494825+00,10523367,71-38660,Tham quan ban đêm
360,2024-11-03 17:24:20.767106+00,36232888,71-38636,Đảo/Bán Đảo
361,2024-11-03 17:24:20.954866+00,56816156,71-38403,Cáp Treo
362,2024-11-03 17:24:20.954866+00,56816156,71-38514,Tour Trên Không
363,2024-11-03 17:24:21.217725+00,18832359,71-38378,Công Viên Giải Trí
364,2024-11-03 17:24:21.493472+00,25487733,71-38384,Sở Thú
365,2024-11-03 17:24:21.701656+00,10558858,71-38705,Công Trình Của Kiến Trúc Sư Nổi Tiếng
366,2024-11-03 17:24:21.701656+00,10558858,71-38629,Kiến Trúc Lịch Sử
367,2024-11-03 17:24:21.969308+00,94786,71-38711,Nhà hát
368,2024-11-03 17:24:22.243756+00,130898816,71-38706,Khu Dân Cư Nổi Bật
369,2024-11-03 17:24:22.243756+00,130898816,71-38660,Tham quan ban đêm
370,2024-11-03 17:24:22.43578+00,81458,71-38712,Eo Biển/Vịnh Hẹp
371,2024-11-03 17:24:22.43578+00,81458,71-38583,Di Sản Thế Giới UNESCO - Di Sản Thiên Nhiên
372,2024-11-03 17:24:22.630688+00,84669,71-38707,Thành Cổ/Cổ Trấn
373,2024-11-03 17:24:22.828822+00,78921,71-38369,Hồ
374,2024-11-03 17:24:22.828822+00,78921,71-38660,Tham quan ban đêm
375,2024-11-03 17:24:23.085622+00,23929096,71-38372,Suối Nước Nóng
376,2024-11-03 17:24:23.085622+00,23929096,71-38400,Khu Nghỉ Dưỡng
377,2024-11-03 17:24:23.280069+00,20905644,71-38630,Kiến Trúc Hiện Đại
378,2024-11-03 17:24:23.280069+00,20905644,71-38631,Đài Quan Sát
379,2024-11-03 17:24:23.280069+00,20905644,71-38660,Tham quan ban đêm
380,2024-11-03 17:24:23.482038+00,56812949,71-38705,Công Trình Của Kiến Trúc Sư Nổi Tiếng
381,2024-11-03 17:24:23.482038+00,56812949,71-38573,Cầu
382,2024-11-03 17:24:23.677358+00,78927,71-38629,Kiến Trúc Lịch Sử
383,2024-11-03 17:24:23.994901+00,10524194,71-38706,Khu Dân Cư Nổi Bật
384,2024-11-03 17:24:24.211988+00,90605,71-38391,Nhà Thờ & Thánh Đường
385,2024-11-03 17:24:24.211988+00,90605,71-38660,Tham quan ban đêm
386,2024-11-03 17:24:26.698774+00,98738,71-38711,Nhà hát
387,2024-11-03 17:24:26.975822+00,100572,71-38403,Cáp Treo
388,2024-11-03 17:24:27.158104+00,36272590,71-38712,Tour Bằng Xe Buýt
389,2024-11-03 17:24:27.158104+00,36272590,71-38660,Tham quan ban đêm
390,2024-11-03 17:24:27.340448+00,28575303,71-38391,Nhà Thờ & Thánh Đường
391,2024-11-03 17:24:27.623679+00,24447682,71-38388,Công Viên Chủ Đề
392,2024-11-03 17:24:27.623679+00,24447682,71-38660,Tham quan ban đêm
393,2024-11-03 17:24:27.801373+00,84900,71-38626,Đền Chùa
394,2024-11-03 17:24:27.994018+00,96728,71-38522,Bãi Biển
395,2024-11-03 17:24:28.172992+00,23895665,71-38706,Khu Dân Cư Nổi Bật
396,2024-11-03 17:24:28.34932+00,62082281,71-38386,Công Viên Nước
397,2024-11-03 17:24:28.34932+00,62082281,71-38388,Công Viên Chủ Đề
398,2024-11-03 17:24:28.546899+00,78967,71-38391,Nhà Thờ & Thánh Đường
399,2024-11-03 17:24:28.546899+00,78967,71-38660,Tham quan ban đêm
400,2024-11-03 17:24:28.743469+00,23899483,71-38522,Bãi Biển
401,2024-11-03 17:24:28.743469+00,23899483,71-38701,Lướt Sóng
402,2024-11-03 17:24:28.743469+00,23899483,71-38636,Đảo/Bán Đảo
403,2024-11-03 17:24:28.929213+00,95180,71-38522,Bãi Biển
404,2024-11-03 17:24:28.929213+00,95180,71-38523,Bờ Biển
405,2024-11-03 17:24:29.114914+00,10758692,71-38712,Đường Cổ
406,2024-11-03 17:24:29.114914+00,10758692,71-38575,Di Tích Lịch Sử
407,2024-11-03 17:24:29.303608+00,10758900,71-38711,Nhà hát
408,2024-11-03 17:24:29.48487+00,78926,71-38712,Địa Điểm Quân Sự
409,2024-11-03 17:24:29.48487+00,78926,71-38713,Bảo Tàng
410,2024-11-03 17:24:29.668488+00,102883,71-38552,Chợ
411,2024-11-03 17:24:29.852478+00,78974,71-38369,Hồ
412,2024-11-03 17:24:30.02621+00,80756,71-38528,Tòa Thị Chính
413,2024-11-03 17:24:30.02621+00,80756,71-38660,Tham quan ban đêm
414,2024-11-03 17:24:30.197668+00,95179,71-38391,Nhà Thờ & Thánh Đường
415,2024-11-03 17:24:30.376821+00,129757510,71-38631,Đài Quan Sát
416,2024-11-03 17:24:36.341179+00,23117248,71-38522,Bãi Biển
417,2024-11-03 17:24:36.341179+00,23117248,71-38636,Đảo/Bán Đảo
418,2024-11-03 17:24:36.543871+00,10521705,71-38706,Khu Dân Cư Nổi Bật
419,2024-11-03 17:24:36.722648+00,50714614,71-38710,Buổi biểu diễn đặc trưng
423,2024-11-03 17:25:31.686669+00,13595344,71-38712,Bảo Tàng Nghệ Thuật
424,2024-11-03 17:25:31.907866+00,10547161,71-38366,Sông
425,2024-11-03 17:25:31.907866+00,10547161,71-38660,Tham quan ban đêm
426,2024-11-03 17:25:32.152527+00,78968,71-38575,Di Tích Lịch Sử
427,2024-11-03 17:25:32.152527+00,78968,71-38633,Nghĩa Trang
428,2024-11-03 17:25:32.360402+00,136038155,71-38710,Buổi biểu diễn đặc trưng
429,2024-11-03 17:25:32.360402+00,136038155,71-38660,Tham quan ban đêm
430,2024-11-03 17:25:32.567436+00,78922,71-38575,Di Tích Lịch Sử
431,2024-11-03 17:25:32.567436+00,78922,71-38581,Đền Thờ/Miếu
432,2024-11-03 17:25:32.772883+00,130369464,71-38400,Khu Nghỉ Dưỡng
433,2024-11-03 17:25:32.772883+00,130369464,71-38535,Ruộng Bậc Thang
434,2024-11-03 17:25:32.993455+00,84885,71-38370,Thác Nước
435,2024-11-03 17:25:33.207576+00,15051334,71-38713,Bảo Tàng
436,2024-11-03 17:25:33.406993+00,96732,71-38391,Nhà Thờ & Thánh Đường
437,2024-11-03 17:25:33.602672+00,30066717,71-38522,Bãi Biển
438,2024-11-03 17:25:33.802445+00,30315955,71-38706,Khu Dân Cư Nổi Bật
439,2024-11-03 17:25:33.99596+00,33764024,71-38469,Tour Đi Thuyền
440,2024-11-03 17:25:34.202899+00,33530974,71-38363,Spa
441,2024-11-03 17:25:34.202899+00,33530974,71-38409,Nhà Tắm Công Cộng
442,2024-11-03 17:25:34.406346+00,30633416,71-38563,Quảng Trường
443,2024-11-03 17:25:34.406346+00,30633416,71-38660,Tham quan ban đêm
444,2024-11-03 17:25:41.756362+00,23033832,71-38573,Cầu
445,2024-11-03 17:25:41.756362+00,23033832,71-38660,Tham quan ban đêm
446,2024-11-03 17:25:42.05242+00,50961574,71-38378,Công Viên Giải Trí
447,2024-11-03 17:25:42.249331+00,32862148,71-38386,Công Viên Nước
448,2024-11-03 17:25:42.249331+00,32862148,71-38388,Công Viên Chủ Đề
449,2024-11-03 17:25:42.249331+00,32862148,71-38660,Tham quan ban đêm
450,2024-11-03 17:25:42.445844+00,84916,71-38630,Kiến Trúc Hiện Đại
451,2024-11-03 17:25:42.724211+00,80754,71-38626,Đền Chùa
452,2024-11-03 17:25:42.908918+00,13592033,71-38366,Sông
453,2024-11-03 17:25:43.1003+00,80751,71-38404,Đầm Phá
454,2024-11-03 17:25:43.1003+00,80751,71-38636,Đảo/Bán Đảo
455,2024-11-03 17:25:43.295768+00,134049310,71-38711,Nhà hát
456,2024-11-03 17:25:43.490184+00,15031519,71-38626,Đền Chùa
457,2024-11-03 17:25:43.774661+00,20905673,71-38706,Khu Dân Cư Nổi Bật
458,2024-11-03 17:25:43.987551+00,55808097,71-38522,Bãi Biển
459,2024-11-03 17:25:44.179978+00,95591,71-38366,Sông
460,2024-11-03 17:25:44.179978+00,95591,71-38373,Kỳ Quan Địa Chất/Địa Mạo
461,2024-11-03 17:25:44.387469+00,96726,71-38371,Núi
462,2024-11-03 17:25:44.586051+00,98754,71-38712,Sa Mạc
463,2024-11-03 17:25:44.773247+00,81459,71-38575,Di Tích Lịch Sử
464,2024-11-03 17:25:44.773247+00,81459,71-38583,Di Sản Thế Giới UNESCO - Di Sản Văn Hóa
465,2024-11-03 17:25:44.97082+00,23029651,71-38403,Cáp Treo
466,2024-11-03 17:25:45.16841+00,129757640,71-38706,Khu Dân Cư Nổi Bật
467,2024-11-03 17:25:45.371115+00,129757553,71-38631,Đài Quan Sát
468,2024-11-03 17:25:45.557157+00,13758747,71-38626,Đền Chùa
469,2024-11-03 17:25:45.749515+00,143159394,71-38469,Tour Đi Thuyền
470,2024-11-03 17:25:48.228896+00,78970,71-38707,Thành Cổ/Cổ Trấn
471,2024-11-03 17:25:48.228896+00,78970,71-38535,Ruộng Bậc Thang
472,2024-11-03 17:25:48.431579+00,18298195,71-38363,Spa
473,2024-11-03 17:25:48.650539+00,84706,71-38575,Di Tích Lịch Sử
474,2024-11-03 17:25:48.847241+00,84528,71-38713,Bảo Tàng
475,2024-11-03 17:25:49.124086+00,81736042,71-38522,Bãi Biển
476,2024-11-03 17:25:49.322938+00,137926082,71-38713,Bảo Tàng
477,2024-11-03 17:25:49.516996+00,96725,71-38636,Đảo/Bán Đảo
478,2024-11-03 17:25:49.708378+00,78920,71-38563,Quảng Trường
479,2024-11-03 17:25:49.708378+00,78920,71-38575,Di Tích Lịch Sử
480,2024-11-03 17:25:49.914835+00,10521719,71-38381,Vườn Bách Thảo
481,2024-11-03 17:25:49.914835+00,10521719,71-38384,Sở Thú
482,2024-11-03 17:25:50.108933+00,94155,71-38575,Di Tích Lịch Sử
483,2024-11-03 17:25:50.108933+00,94155,71-38583,Di Sản Thế Giới UNESCO - Di Sản Văn Hóa
484,2024-11-03 17:25:50.312999+00,56820614,71-38631,Đài Quan Sát
485,2024-11-03 17:25:50.5361+00,84901,71-38626,Đền Chùa
486,2024-11-03 17:25:50.736041+00,30072649,71-38712,Thị Trấn
487,2024-11-03 17:25:50.943007+00,98753,71-38522,Bãi Biển
488,2024-11-03 17:25:51.140702+00,23826730,71-38469,Tour Đi Thuyền
489,2024-11-03 17:25:51.140702+00,23826730,71-38660,Tham quan ban đêm
490,2024-11-03 17:25:51.341051+00,134057595,71-38386,Công Viên Nước
491,2024-11-03 17:25:51.542915+00,78969,71-38712,Nhà Của Danh Nhân
492,2024-11-03 17:25:51.542915+00,78969,71-38713,Bảo Tàng
493,2024-11-03 17:25:51.737285+00,30066751,71-38522,Bãi Biển
494,2024-11-03 17:25:51.934104+00,140618471,71-38702,Lặn Ngoài Trời
495,2024-11-03 17:25:51.934104+00,140618471,71-38636,Đảo/Bán Đảo
496,2024-11-03 17:25:54.85827+00,143216007,71-38711,Nhà hát
497,2024-11-03 17:25:55.051841+00,20905656,71-38711,Nhà hát
498,2024-11-03 17:25:55.051841+00,20905656,71-38629,Kiến Trúc Lịch Sử
499,2024-11-03 17:25:55.258447+00,98654,71-38713,Bảo Tàng
500,2024-11-03 17:25:55.44262+00,149281540,71-38712,Lễ Hội Âm Nhạc
501,2024-11-03 17:25:55.631198+00,25324815,71-38366,Sông
502,2024-11-03 17:25:55.631198+00,25324815,71-38469,Tour Đi Thuyền
503,2024-11-03 17:25:55.631198+00,25324815,71-38660,Tham quan ban đêm
504,2024-11-03 17:25:55.819193+00,97676475,71-38712,Tour Bằng Xe Buýt
505,2024-11-03 17:25:55.997415+00,84873,71-38369,Hồ
506,2024-11-03 17:25:56.173155+00,61799151,71-38512,Tour Ngắm Cảnh Khác
507,2024-11-03 17:25:56.364344+00,98702,71-38366,Sông
508,2024-11-03 17:25:56.364344+00,98702,71-38373,Kỳ Quan Địa Chất/Địa Mạo
509,2024-11-03 17:25:56.557013+00,13364291,71-38522,Bãi Biển
510,2024-11-03 17:25:56.557013+00,13364291,71-38632,Làng
511,2024-11-03 17:25:56.730553+00,90607,71-38575,Di Tích Lịch Sử
512,2024-11-03 17:25:56.730553+00,90607,71-38626,Đền Chùa
513,2024-11-03 17:25:56.905624+00,91713,71-38528,Tòa Thị Chính
514,2024-11-03 17:25:57.09191+00,30633439,71-38706,Khu Dân Cư Nổi Bật
515,2024-11-03 17:25:57.274287+00,35810140,71-38706,Khu Dân Cư Nổi Bật
516,2024-11-03 17:25:57.461494+00,24974796,71-38626,Đền Chùa
517,2024-11-03 17:25:57.641135+00,141553764,71-38388,Công Viên Chủ Đề
518,2024-11-03 17:25:57.836189+00,22864941,71-38371,Núi
519,2024-11-03 17:25:57.836189+00,22864941,71-38391,Nhà Thờ & Thánh Đường
520,2024-11-03 17:25:58.025342+00,136316654,71-38710,Buổi biểu diễn đặc trưng
521,2024-11-03 17:26:00.398908+00,36218985,71-38372,Suối Nước Nóng
522,2024-11-03 17:26:00.398908+00,36218985,71-38386,Công Viên Nước
523,2024-11-03 17:26:00.579441+00,33524248,71-38469,Tour Đi Thuyền
524,2024-11-03 17:26:00.759204+00,95477,71-38636,Đảo/Bán Đảo
525,2024-11-03 17:26:00.937555+00,132068884,71-38706,Khu Dân Cư Nổi Bật
526,2024-11-03 17:26:01.11707+00,40985264,71-38522,Bãi Biển
527,2024-11-03 17:26:01.290563+00,38887154,71-38560,Rạp Chiếu Phim
528,2024-11-03 17:26:01.475454+00,33772007,71-38363,Spa
529,2024-11-03 17:26:01.65982+00,58375916,71-38636,Đảo/Bán Đảo
530,2024-11-03 17:26:01.845048+00,10786348,71-38522,Bãi Biển
531,2024-11-03 17:26:02.040845+00,36232790,71-38636,Đảo/Bán Đảo
532,2024-11-03 17:26:02.238247+00,142962582,71-38706,Khu Dân Cư Nổi Bật
533,2024-11-03 17:26:02.483775+00,30072453,71-38382,Khu Bảo Tồn Thiên Nhiên
534,2024-11-03 17:26:02.483775+00,30072453,71-38383,Công Viên Quốc Gia
535,2024-11-03 17:26:02.665043+00,36232688,71-38522,Bãi Biển
536,2024-11-03 17:26:02.851596+00,23032412,71-38713,Bảo Tàng
537,2024-11-03 17:26:03.043317+00,23031518,71-38522,Bãi Biển
538,2024-11-03 17:26:03.043317+00,23031518,71-38636,Đảo/Bán Đảo
539,2024-11-03 17:26:03.224008+00,56820263,71-38513,Địa Điểm Thờ Phụng Khác
540,2024-11-03 17:26:03.224008+00,56820263,71-38586,Tượng/Điêu Khắc
541,2024-11-03 17:26:03.416455+00,136962584,71-38706,Khu Dân Cư Nổi Bật
542,2024-11-03 17:26:03.595929+00,22950906,71-38378,Công Viên Giải Trí
543,2024-11-03 17:26:03.595929+00,22950906,71-38379,Công Viên Thành Phố
544,2024-11-03 17:26:03.595929+00,22950906,71-38388,Công Viên Chủ Đề
545,2024-11-03 17:26:03.780668+00,84672,71-38575,Di Tích Lịch Sử
546,2024-11-03 17:26:03.780668+00,84672,71-38660,Tham quan ban đêm
547,2024-11-03 17:26:03.987958+00,20905643,71-38626,Đền Chùa
548,2024-11-03 17:26:33.888371+00,142333317,71-38631,Đài Quan Sát
549,2024-11-03 17:26:33.888371+00,142333317,71-38660,Tham quan ban đêm
550,2024-11-03 17:26:34.092151+00,33763940,71-38702,Lặn Ngoài Trời
551,2024-11-03 17:26:34.299013+00,90606,71-38712,Địa Điểm Quân Sự
552,2024-11-03 17:26:34.299013+00,90606,71-38713,Bảo Tàng
553,2024-11-03 17:26:34.501147+00,39573664,71-38630,Kiến Trúc Hiện Đại
554,2024-11-03 17:26:34.694263+00,28376898,71-38376,Hang Động
555,2024-11-03 17:26:34.869656+00,84869,71-38629,Kiến Trúc Lịch Sử
556,2024-11-03 17:26:35.059017+00,15056967,71-38626,Đền Chùa
557,2024-11-03 17:26:35.253561+00,84581,71-38626,Đền Chùa
558,2024-11-03 17:26:35.454832+00,133828415,71-38379,Công Viên Thành Phố
559,2024-11-03 17:26:35.650423+00,10521706,71-38713,Bảo Tàng
560,2024-11-03 17:26:35.849733+00,61153731,71-38384,Sở Thú
561,2024-11-03 17:26:36.04766+00,62021941,71-38661,Điểm Tham Quan
562,2024-11-03 17:26:36.23938+00,142785027,71-38552,Chợ
563,2024-11-03 17:26:36.23938+00,142785027,71-38706,Khu Dân Cư Nổi Bật
564,2024-11-03 17:26:36.438169+00,136817447,71-38575,Di Tích Lịch Sử
565,2024-11-03 17:26:36.632842+00,138726334,71-38625,Nông Trại
566,2024-11-03 17:26:36.832+00,56820369,71-38379,Công Viên Thành Phố
567,2024-11-03 17:26:37.031993+00,18700028,71-38632,Làng
568,2024-11-03 17:26:38.77835+00,61886355,71-38552,Chợ
569,2024-11-03 17:26:38.77835+00,61886355,71-38706,Khu Dân Cư Nổi Bật
570,2024-11-03 17:26:38.96285+00,58316358,71-38522,Bãi Biển
571,2024-11-03 17:26:39.164551+00,84872,71-38369,Hồ
572,2024-11-03 17:26:39.164551+00,84872,71-38712,Bãi Cỏ
573,2024-11-03 17:26:39.164551+00,84872,71-38375,Rừng
574,2024-11-03 17:26:39.164551+00,84872,71-38661,Điểm Tham Quan
575,2024-11-03 17:26:39.353692+00,30788159,71-38706,Khu Dân Cư Nổi Bật
576,2024-11-03 17:26:39.353692+00,30788159,71-38660,Tham quan ban đêm
577,2024-11-03 17:26:39.531878+00,23897930,71-38713,Bảo Tàng
578,2024-11-03 17:26:39.709043+00,94197,71-38581,Đền Thờ/Miếu
579,2024-11-03 17:26:39.709043+00,94197,71-38660,Tham quan ban đêm
580,2024-11-03 17:26:39.888078+00,18700037,71-38389,Đạo Quán
581,2024-11-03 17:26:39.888078+00,18700037,71-38712,Đền Thờ Thiên Hậu
582,2024-11-03 17:26:40.066693+00,18832360,71-38626,Đền Chùa
583,2024-11-03 17:26:40.334659+00,10758423,71-38522,Bãi Biển
584,2024-11-03 17:26:40.509444+00,136679423,71-38713,Bảo Tàng
585,2024-11-03 17:26:40.692044+00,55820258,71-38587,Sân Vận Động
586,2024-11-03 17:26:40.869725+00,58276063,71-38371,Núi
587,2024-11-03 17:26:41.039871+00,58375917,71-38636,Đảo/Bán Đảo
588,2024-11-03 17:26:41.226245+00,58330792,71-38522,Bãi Biển
589,2024-11-03 17:26:41.403321+00,15056981,71-38391,Nhà Thờ & Thánh Đường
590,2024-11-03 17:26:41.579414+00,136815841,71-38629,Kiến Trúc Lịch Sử
591,2024-11-03 17:26:43.718478+00,56075068,71-38379,Công Viên Thành Phố
592,2024-11-03 17:26:43.930247+00,30072507,71-38626,Đền Chùa
593,2024-11-03 17:26:44.124358+00,137048112,71-38379,Công Viên Thành Phố
594,2024-11-03 17:26:44.317161+00,13759609,71-38636,Đảo/Bán Đảo
595,2024-11-03 17:26:44.510831+00,50694109,71-38713,Bảo Tàng
596,2024-11-03 17:26:44.700748+00,20905660,71-38563,Quảng Trường
597,2024-11-03 17:26:44.700748+00,20905660,71-38660,Tham quan ban đêm
598,2024-11-03 17:26:44.890157+00,23034571,71-38391,Nhà Thờ & Thánh Đường
599,2024-11-03 17:26:44.890157+00,23034571,71-38513,Địa Điểm Thờ Phụng Khác
600,2024-11-03 17:26:45.091114+00,84282,71-38713,Bảo Tàng
601,2024-11-03 17:26:45.283849+00,137201878,71-38376,Hang Động
602,2024-11-03 17:26:45.467815+00,142585666,71-38560,Rạp Chiếu Phim
603,2024-11-03 17:26:45.64703+00,56820231,71-38632,Làng
604,2024-11-03 17:26:45.845725+00,61860118,71-38391,Nhà Thờ & Thánh Đường
605,2024-11-03 17:26:46.037528+00,95478,71-38636,Đảo/Bán Đảo
606,2024-11-03 17:26:48.176591+00,136719903,71-38626,Đền Chùa
607,2024-11-03 17:26:48.383736+00,142388978,71-38379,Công Viên Thành Phố
608,2024-11-03 17:26:48.590524+00,28376717,71-38636,Đảo/Bán Đảo
609,2024-11-03 17:26:48.785743+00,56034191,71-38711,Nhà hát
610,2024-11-03 17:26:48.785743+00,56034191,71-38560,Rạp Chiếu Phim
611,2024-11-03 17:26:49.015756+00,129757358,71-38379,Công Viên Thành Phố
612,2024-11-03 17:26:49.223209+00,142772684,71-38560,Rạp Chiếu Phim
613,2024-11-03 17:26:49.418702+00,30066705,71-38713,Bảo Tàng
614,2024-11-03 17:26:49.616297+00,13188628,71-38712,Đền Thờ Thiên Hậu
615,2024-11-03 17:26:49.818273+00,34902700,71-38384,Sở Thú
616,2024-11-03 17:26:50.034733+00,50661970,71-38376,Hang Động
617,2024-11-03 17:26:50.034733+00,50661970,71-38383,Công Viên Quốc Gia
618,2024-11-03 17:26:50.22727+00,23901873,71-38522,Bãi Biển
619,2024-11-03 17:26:50.22727+00,23901873,71-38636,Đảo/Bán Đảo
620,2024-11-03 17:26:50.432987+00,56043505,71-38370,Thác Nước
621,2024-11-03 17:26:50.648982+00,142763224,71-38552,Chợ
622,2024-11-03 17:26:50.648982+00,142763224,71-38706,Khu Dân Cư Nổi Bật
623,2024-11-03 17:26:50.855027+00,36232690,71-38636,Đảo/Bán Đảo
624,2024-11-03 17:27:47.735237+00,55869652,71-38631,Đài Quan Sát
625,2024-11-03 17:27:47.928597+00,84578,71-38575,Di Tích Lịch Sử
626,2024-11-03 17:27:47.928597+00,84578,71-38633,Nghĩa Trang
627,2024-11-03 17:27:48.148218+00,55820620,71-38513,Địa Điểm Thờ Phụng Khác
628,2024-11-03 17:27:48.148218+00,55820620,71-38626,Đền Chùa
629,2024-11-03 17:27:48.336467+00,78923,71-38713,Bảo Tàng
630,2024-11-03 17:27:48.336467+00,78923,71-38712,Bảo Tàng Nghệ Thuật
631,2024-11-03 17:27:48.534269+00,141734564,71-38560,Rạp Chiếu Phim
632,2024-11-03 17:27:48.727065+00,36232226,71-38636,Đảo/Bán Đảo
633,2024-11-03 17:27:48.921378+00,20905667,71-38386,Công Viên Nước
634,2024-11-03 17:27:49.11215+00,56820575,71-38395,Tượng Đài/Bia Tưởng Niệm
635,2024-11-03 17:27:49.11215+00,56820575,71-38572,Đài Phun Nước
636,2024-11-03 17:27:49.11215+00,56820575,71-38626,Đền Chùa
637,2024-11-03 17:27:49.11215+00,56820575,71-38706,Khu Dân Cư Nổi Bật
638,2024-11-03 17:27:49.317879+00,142292775,71-38513,Địa Điểm Thờ Phụng Khác
639,2024-11-03 17:27:49.503175+00,58370347,71-38713,Bảo Tàng
640,2024-11-03 17:27:49.713713+00,56019136,71-38512,Tour Ngắm Cảnh Khác
641,2024-11-03 17:27:49.89016+00,56044398,71-38391,Nhà Thờ & Thánh Đường
642,2024-11-03 17:27:50.072945+00,23505927,71-38370,Thác Nước
643,2024-11-03 17:27:50.268676+00,82085,71-38713,Bảo Tàng
644,2024-11-03 17:27:50.466971+00,142260885,71-38376,Hang Động
645,2024-11-03 17:27:50.466971+00,142260885,71-38469,Tour Đi Thuyền
646,2024-11-03 17:27:55.974927+00,136954513,71-38713,Bảo Tàng
647,2024-11-03 17:27:56.175338+00,23027449,71-38630,Kiến Trúc Hiện Đại
648,2024-11-03 17:27:56.362105+00,56820336,71-38385,Thủy Cung
649,2024-11-03 17:27:56.362105+00,56820336,71-38713,Bảo Tàng
650,2024-11-03 17:27:56.547573+00,84707,71-38713,Bảo Tàng
651,2024-11-03 17:27:56.725948+00,136948807,71-38365,Đi Bộ Đường Dài
652,2024-11-03 17:27:56.725948+00,136948807,71-38371,Núi
654,2024-11-03 17:27:57.091782+00,142682929,71-38712,Cung Điện
655,2024-11-03 17:27:57.277933+00,10521721,71-38522,Bãi Biển
656,2024-11-03 17:27:57.277933+00,10521721,71-38636,Đảo/Bán Đảo
657,2024-11-03 17:27:57.473975+00,50683100,71-38575,Di Tích Lịch Sử
658,2024-11-03 17:27:57.662877+00,142409084,71-38379,Công Viên Thành Phố
659,2024-11-03 17:27:57.858464+00,80752,71-38636,Đảo/Bán Đảo
662,2024-11-03 17:27:58.230185+00,137165981,71-38371,Núi
663,2024-11-03 17:27:58.230185+00,137165981,71-38626,Đền Chùa
665,2024-11-03 17:27:58.597619+00,50640614,71-38379,Công Viên Thành Phố
666,2024-11-03 17:27:58.780991+00,141619259,71-38560,Rạp Chiếu Phim
667,2024-11-03 17:27:58.955557+00,137196482,71-38706,Khu Dân Cư Nổi Bật
693,2024-11-03 17:28:33.182532+00,18700019,71-38522,Bãi Biển
694,2024-11-03 17:28:33.182532+00,18700019,71-38636,Đảo/Bán Đảo
695,2024-11-03 17:28:33.39345+00,13758231,71-38391,Nhà Thờ & Thánh Đường
696,2024-11-03 17:28:33.39345+00,13758231,71-38626,Đền Chùa
697,2024-11-03 17:28:33.60007+00,10758425,71-38363,Spa
698,2024-11-03 17:28:33.60007+00,10758425,71-38372,Suối Nước Nóng
699,2024-11-03 17:28:33.796559+00,142360211,71-38380,Vườn/Hoa Viên
700,2024-11-03 17:28:33.991306+00,55861396,71-38363,Spa
702,2024-11-03 17:28:34.38408+00,129757349,71-38403,Cáp Treo
703,2024-11-03 17:28:34.583841+00,133828439,71-38371,Núi
704,2024-11-03 17:28:34.583841+00,133828439,71-38379,Công Viên Thành Phố
706,2024-11-03 17:28:35.00446+00,55860843,71-38631,Đài Quan Sát
707,2024-11-03 17:28:35.00446+00,55860843,71-38660,Tham quan ban đêm
708,2024-11-03 17:28:35.206304+00,142505412,71-38379,Công Viên Thành Phố
710,2024-11-03 17:28:35.607199+00,141698250,71-38378,Công Viên Giải Trí
711,2024-11-03 17:28:38.568832+00,142838231,71-38400,Khu Nghỉ Dưỡng
712,2024-11-03 17:28:38.788888+00,61830542,71-38378,Công Viên Giải Trí
713,2024-11-03 17:28:38.788888+00,61830542,71-38556,Trung Tâm Giải Trí
714,2024-11-03 17:28:38.977358+00,142534303,71-38587,Sân Vận Động
715,2024-11-03 17:28:39.176173+00,10521704,71-38713,Bảo Tàng
716,2024-11-03 17:28:39.357549+00,137596994,71-38371,Núi
717,2024-11-03 17:28:39.357549+00,137596994,71-38384,Sở Thú
718,2024-11-03 17:28:39.550387+00,35193394,71-38522,Bãi Biển
719,2024-11-03 17:28:39.733661+00,20905678,71-38583,Di Sản Thế Giới UNESCO - Di Sản Văn Hóa
720,2024-11-03 17:28:39.733661+00,20905678,71-38633,Nghĩa Trang
721,2024-11-03 17:28:39.926846+00,35193304,71-38391,Nhà Thờ & Thánh Đường
722,2024-11-03 17:28:40.105647+00,37827893,71-38552,Chợ
723,2024-11-03 17:28:40.105647+00,37827893,71-38706,Khu Dân Cư Nổi Bật
724,2024-11-03 17:28:40.289338+00,18687692,71-38629,Kiến Trúc Lịch Sử
725,2024-11-03 17:28:40.495832+00,142515082,71-38560,Rạp Chiếu Phim
726,2024-11-03 17:28:40.686174+00,61796492,71-38419,Lâu Đài
727,2024-11-03 17:28:40.686174+00,61796492,71-38554,Nhà Máy/Xưởng Sản Xuất Rượu/Bia
729,2024-11-03 17:28:41.059789+00,61894043,71-38513,Địa Điểm Thờ Phụng Khác
730,2024-11-03 17:28:41.247691+00,55829207,71-38384,Sở Thú
731,2024-11-03 17:28:41.247691+00,55829207,71-38400,Khu Nghỉ Dưỡng
732,2024-11-03 17:28:41.43934+00,136808638,71-38379,Công Viên Thành Phố
733,2024-11-03 17:28:41.619228+00,61883203,71-38363,Spa
734,2024-11-03 17:28:43.969168+00,23027792,71-38636,Đảo/Bán Đảo
735,2024-11-03 17:28:44.17156+00,142588164,71-38400,Khu Nghỉ Dưỡng
736,2024-11-03 17:28:44.36567+00,133828075,71-38360,Sân Golf
737,2024-11-03 17:28:44.550796+00,56071021,71-38379,Công Viên Thành Phố
738,2024-11-03 17:28:44.739962+00,61218648,71-38379,Công Viên Thành Phố
739,2024-11-03 17:28:44.932162+00,18700024,71-38391,Nhà Thờ & Thánh Đường
740,2024-11-03 17:28:45.110903+00,141422389,71-38560,Rạp Chiếu Phim
741,2024-11-03 17:28:45.303948+00,38779899,71-38560,Rạp Chiếu Phim
742,2024-11-03 17:28:45.503729+00,23034616,71-38371,Núi
743,2024-11-03 17:28:45.693888+00,142848719,71-38419,Lâu Đài
744,2024-11-03 17:28:45.693888+00,142848719,71-38712,Địa Điểm Quân Sự
745,2024-11-03 17:28:45.882334+00,133828223,71-38391,Nhà Thờ & Thánh Đường
746,2024-11-03 17:28:45.882334+00,133828223,71-38587,Sân Vận Động
747,2024-11-03 17:28:46.064492+00,61992833,71-38380,Vườn/Hoa Viên
748,2024-11-03 17:28:46.064492+00,61992833,71-38381,Vườn Bách Thảo
749,2024-11-03 17:28:47.654026+00,94196,71-38389,Đạo Quán
750,2024-11-03 17:28:47.654026+00,94196,71-38513,Địa Điểm Thờ Phụng Khác
751,2024-11-03 17:28:47.654026+00,94196,71-38575,Di Tích Lịch Sử
752,2024-11-03 17:28:47.654026+00,94196,71-38661,Điểm Tham Quan
753,2024-11-03 17:28:47.861158+00,142369415,71-38379,Công Viên Thành Phố
754,2024-11-03 17:28:48.068796+00,133828252,71-38513,Địa Điểm Thờ Phụng Khác
755,2024-11-03 17:28:48.068796+00,133828252,71-38626,Đền Chùa
756,2024-11-03 17:28:48.272401+00,28378256,71-38376,Hang Động
757,2024-11-03 17:28:48.477201+00,143185156,71-38522,Bãi Biển
758,2024-11-03 17:28:48.669611+00,58285552,71-38360,Sân Golf
759,2024-11-03 17:28:48.875888+00,20905665,71-38626,Đền Chùa
760,2024-11-03 17:28:49.067039+00,36232051,71-38522,Bãi Biển
761,2024-11-03 17:28:49.264474+00,136942174,71-38513,Địa Điểm Thờ Phụng Khác
762,2024-11-03 17:28:49.264474+00,136942174,71-38575,Di Tích Lịch Sử
763,2024-11-03 17:28:49.264474+00,136942174,71-38633,Nghĩa Trang
764,2024-11-03 17:28:49.461957+00,50610276,71-38384,Sở Thú
765,2024-11-03 17:28:49.665066+00,138552101,71-38469,Tour Đi Thuyền
766,2024-11-03 17:28:49.853925+00,58312450,71-38395,Tượng Đài/Bia Tưởng Niệm
767,2024-11-03 17:28:49.853925+00,58312450,71-38575,Di Tích Lịch Sử
768,2024-11-03 17:28:50.053178+00,98748,71-38375,Rừng
769,2024-11-03 17:28:50.053178+00,98748,71-38383,Công Viên Quốc Gia
770,2024-11-03 17:28:50.244178+00,20905675,71-38381,Vườn Bách Thảo
771,2024-11-03 17:28:50.449308+00,58306558,71-38522,Bãi Biển
772,2024-11-03 17:28:52.717928+00,137125246,71-38400,Khu Nghỉ Dưỡng
773,2024-11-03 17:28:52.904318+00,58314700,71-38626,Đền Chùa
774,2024-11-03 17:28:53.082501+00,136796131,71-38563,Quảng Trường
775,2024-11-03 17:28:53.269094+00,100589,71-38376,Hang Động
776,2024-11-03 17:28:53.269094+00,100589,71-38513,Địa Điểm Thờ Phụng Khác
777,2024-11-03 17:28:53.269094+00,100589,71-38626,Đền Chùa
778,2024-11-03 17:28:53.269094+00,100589,71-38661,Điểm Tham Quan
779,2024-11-03 17:28:53.444274+00,15056927,71-38375,Rừng
780,2024-11-03 17:28:53.444274+00,15056927,71-38383,Công Viên Quốc Gia
781,2024-11-03 17:28:53.63032+00,142941855,71-38560,Rạp Chiếu Phim
782,2024-11-03 17:28:53.824337+00,133828059,71-38412,Đi Bộ Đường Dài/Đạp Xe
783,2024-11-03 17:28:54.012598+00,133828288,71-38386,Công Viên Nước
784,2024-11-03 17:28:54.203837+00,13415972,71-38373,Kỳ Quan Địa Chất/Địa Mạo
785,2024-11-03 17:28:54.203837+00,13415972,71-38376,Hang Động
786,2024-11-03 17:28:54.386675+00,133828420,71-38625,Nông Trại
787,2024-11-03 17:28:54.568928+00,136949179,71-38712,Nhà Cao Tầng
788,2024-11-03 17:28:54.758062+00,142904610,71-38552,Chợ
789,2024-11-03 17:28:54.758062+00,142904610,71-38706,Khu Dân Cư Nổi Bật
790,2024-11-03 17:28:54.935665+00,137016922,71-38371,Núi
791,2024-11-03 17:28:55.114585+00,142877825,71-38552,Chợ
792,2024-11-03 17:28:55.114585+00,142877825,71-38706,Khu Dân Cư Nổi Bật
793,2024-11-03 17:28:55.307771+00,130369440,71-38403,Cáp Treo
794,2024-11-03 17:28:55.489447+00,143783744,71-38713,Bảo Tàng
795,2024-11-03 17:28:55.489447+00,143783744,71-38712,Bảo Tàng Nghệ Thuật
796,2024-11-03 17:28:57.176362+00,141184592,71-38560,Rạp Chiếu Phim
797,2024-11-03 17:28:57.360359+00,33112036,71-38638,Thể Thao Dưới Nước
798,2024-11-03 17:28:57.554375+00,141524323,71-38560,Rạp Chiếu Phim
802,2024-11-03 17:28:58.098161+00,142932434,71-38626,Đền Chùa
804,2024-11-03 17:28:58.462772+00,142843562,71-38375,Rừng
805,2024-11-03 17:28:58.462772+00,142843562,71-38418,Khu Cắm Trại
806,2024-11-03 17:28:58.642318+00,142847421,71-38626,Đền Chùa
808,2024-11-03 17:28:59.011633+00,136943196,71-38379,Công Viên Thành Phố
809,2024-11-03 17:28:59.011633+00,136943196,71-38660,Tham quan ban đêm
810,2024-11-03 17:28:59.186125+00,133828003,71-38360,Sân Golf
811,2024-11-03 17:28:59.367393+00,142370218,71-38391,Nhà Thờ & Thánh Đường
812,2024-11-03 17:29:03.400162+00,15054943,71-38398,Chùa Cổ
814,2024-11-03 17:29:03.794535+00,15054944,71-38379,Công Viên Thành Phố
815,2024-11-03 17:29:03.794535+00,15054944,71-38586,Tượng/Điêu Khắc
816,2024-11-03 17:29:03.992043+00,28553449,71-38702,Lặn Ngoài Trời
817,2024-11-03 17:29:04.184166+00,141214942,71-38560,Rạp Chiếu Phim
818,2024-11-03 17:29:04.37679+00,136954425,71-38575,Di Tích Lịch Sử
819,2024-11-03 17:29:04.55845+00,38534825,71-38513,Địa Điểm Thờ Phụng Khác
820,2024-11-03 17:29:04.55845+00,38534825,71-38575,Di Tích Lịch Sử
822,2024-11-03 17:29:04.94286+00,136868328,71-38379,Công Viên Thành Phố
823,2024-11-03 17:29:05.129067+00,137891731,71-38573,Cầu
824,2024-11-03 17:29:05.31508+00,137097086,71-38379,Công Viên Thành Phố
826,2024-11-03 17:29:05.683261+00,142959393,71-38626,Đền Chùa
827,2024-11-03 17:29:05.872826+00,55982126,71-38378,Công Viên Giải Trí
828,2024-11-03 17:29:10.900416+00,141896642,71-38560,Rạp Chiếu Phim
829,2024-11-03 17:29:11.108743+00,142797822,71-38626,Đền Chùa
830,2024-11-03 17:29:11.322635+00,142323504,71-38491,Sân Bóng Đá
831,2024-11-03 17:29:11.511222+00,58313880,71-38371,Núi
832,2024-11-03 17:29:11.696799+00,141588624,71-38560,Rạp Chiếu Phim
833,2024-11-03 17:29:11.886072+00,58324566,71-38522,Bãi Biển
834,2024-11-03 17:29:12.078101+00,15056956,71-38626,Đền Chùa
837,2024-11-03 17:29:12.611738+00,142794559,71-38706,Khu Dân Cư Nổi Bật
838,2024-11-03 17:29:12.806044+00,20905664,71-38513,Địa Điểm Thờ Phụng Khác
839,2024-11-03 17:29:12.806044+00,20905664,71-38626,Đền Chùa
841,2024-11-03 17:29:13.177411+00,142290870,71-38379,Công Viên Thành Phố
843,2024-11-03 17:29:13.562621+00,23117242,71-38384,Sở Thú
844,2024-11-03 17:29:13.562621+00,23117242,71-38522,Bãi Biển
845,2024-11-03 17:29:13.562621+00,23117242,71-38636,Đảo/Bán Đảo
846,2024-11-03 17:29:13.755081+00,137793443,71-38376,Hang Động
847,2024-11-03 17:29:13.945957+00,61803193,71-38556,Trung Tâm Giải Trí
848,2024-11-03 17:29:13.945957+00,61803193,71-38388,Công Viên Chủ Đề
849,2024-11-03 17:29:18.055933+00,136733097,71-38713,Bảo Tàng
850,2024-11-03 17:29:18.248708+00,38737773,71-38513,Địa Điểm Thờ Phụng Khác
851,2024-11-03 17:29:18.248708+00,38737773,71-38575,Di Tích Lịch Sử
852,2024-11-03 17:29:18.248708+00,38737773,71-38626,Đền Chùa
853,2024-11-03 17:29:18.450158+00,55706178,71-38710,Buổi biểu diễn đặc trưng
854,2024-11-03 17:29:18.639297+00,23032309,71-38370,Thác Nước
855,2024-11-03 17:29:18.83014+00,137342638,71-38712,Cầu Kính
856,2024-11-03 17:29:19.018028+00,142264229,71-38469,Tour Đi Thuyền
857,2024-11-03 17:29:19.018028+00,142264229,71-38638,Thể Thao Dưới Nước
858,2024-11-03 17:29:19.200871+00,137412370,71-38371,Núi
859,2024-11-03 17:29:19.386273+00,136276946,71-38386,Công Viên Nước
860,2024-11-03 17:29:19.567817+00,144938189,71-38712,Lễ Hội Âm Nhạc
861,2024-11-03 17:29:19.766142+00,137332279,71-38522,Bãi Biển
862,2024-11-03 17:29:19.766142+00,137332279,71-38636,Đảo/Bán Đảo
863,2024-11-03 17:29:19.956883+00,142968696,71-38560,Rạp Chiếu Phim
866,2024-11-03 17:29:20.326734+00,56820476,71-38391,Nhà Thờ & Thánh Đường
867,2024-11-03 17:29:20.326734+00,56820476,71-38513,Địa Điểm Thờ Phụng Khác
884,2024-11-03 17:29:38.907968+00,142643193,71-38626,Đền Chùa
885,2024-11-03 17:29:39.113533+00,136798151,71-38400,Khu Nghỉ Dưỡng
886,2024-11-03 17:29:39.30067+00,142284083,71-38560,Rạp Chiếu Phim
888,2024-11-03 17:29:39.688263+00,58296270,71-38636,Đảo/Bán Đảo
890,2024-11-03 17:29:40.049154+00,61821760,71-38713,Bảo Tàng
891,2024-11-03 17:29:40.250403+00,55813428,71-38522,Bãi Biển
892,2024-11-03 17:29:40.434225+00,137286387,71-38370,Thác Nước
893,2024-11-03 17:29:40.621866+00,136930302,71-38382,Khu Bảo Tồn Thiên Nhiên
895,2024-11-03 17:29:40.99867+00,142387372,71-38398,Chùa Cổ
896,2024-11-03 17:29:41.180412+00,142942413,71-38379,Công Viên Thành Phố
904,2024-11-03 17:29:56.212964+00,135695732,71-38378,Công Viên Giải Trí
905,2024-11-03 17:29:56.421063+00,142686662,71-38552,Chợ
906,2024-11-03 17:29:56.627309+00,50626291,71-38638,Thể Thao Dưới Nước
907,2024-11-03 17:29:56.844693+00,142848097,71-38560,Rạp Chiếu Phim
909,2024-11-03 17:29:57.238571+00,136813063,71-38625,Nông Trại
910,2024-11-03 17:29:57.434402+00,136769135,71-38632,Làng
911,2024-11-03 17:29:57.642749+00,137323519,71-38712,Kỳ Quan Đá
912,2024-11-03 17:29:57.83588+00,77689734,71-38712,Phòng Trưng Bày Mỹ Thuật
913,2024-11-03 17:29:57.83588+00,77689734,71-38713,Bảo Tàng
914,2024-11-03 17:29:58.032806+00,56022303,71-38537,Hoạt Động Với Nước
915,2024-11-03 17:29:58.230591+00,58302694,71-38360,Sân Golf
916,2024-11-03 17:29:58.429374+00,24609102,71-38711,Nhà hát
917,2024-11-03 17:29:58.62217+00,22950915,71-38626,Đền Chùa
918,2024-11-03 17:29:58.81317+00,141291559,71-38391,Nhà Thờ & Thánh Đường
919,2024-11-03 17:29:58.9954+00,22950921,71-38582,Bể Bơi
920,2024-11-03 17:29:58.9954+00,22950921,71-38587,Sân Vận Động
921,2024-11-03 17:30:02.090081+00,32765241,71-38712,Vòng Đu Quay Khổng Lồ
922,2024-11-03 17:30:02.360231+00,23029324,71-38712,Địa Điểm Quân Sự
923,2024-11-03 17:30:02.360231+00,23029324,71-38713,Bảo Tàng
924,2024-11-03 17:30:02.55703+00,136699028,71-38369,Hồ
926,2024-11-03 17:30:02.940066+00,142498826,71-38560,Rạp Chiếu Phim
927,2024-11-03 17:30:03.133934+00,142893467,71-38626,Đền Chùa
928,2024-11-03 17:30:03.318445+00,78928,71-38706,Khu Dân Cư Nổi Bật
931,2024-11-03 17:30:03.702471+00,142290987,71-38379,Công Viên Thành Phố
932,2024-11-03 17:30:03.888182+00,137324937,71-38712,Cánh Đồng Hoa
934,2024-11-03 17:30:04.286936+00,142447433,71-38626,Đền Chùa
935,2024-11-03 17:30:06.072707+00,136899461,71-38384,Sở Thú
936,2024-11-03 17:30:06.072707+00,136899461,71-38404,Đầm Phá
937,2024-11-03 17:30:06.276945+00,142270484,71-38522,Bãi Biển
938,2024-11-03 17:30:06.493433+00,137170972,71-38523,Bờ Biển
939,2024-11-03 17:30:06.712026+00,18105348,71-38513,Địa Điểm Thờ Phụng Khác
940,2024-11-03 17:30:06.712026+00,18105348,71-38581,Đền Thờ/Miếu
941,2024-11-03 17:30:06.904174+00,142754261,71-38587,Sân Vận Động
942,2024-11-03 17:30:07.096106+00,61807921,71-38391,Nhà Thờ & Thánh Đường
945,2024-11-03 17:30:07.47527+00,141725403,71-38379,Công Viên Thành Phố
946,2024-11-03 17:30:07.682614+00,142801567,71-38712,Địa Điểm Quân Sự
947,2024-11-03 17:30:07.682614+00,142801567,71-38575,Di Tích Lịch Sử
948,2024-11-03 17:30:07.883393+00,28325757,71-38522,Bãi Biển
949,2024-11-03 17:30:07.883393+00,28325757,71-38523,Bờ Biển
950,2024-11-03 17:30:10.055216+00,142950015,71-38379,Công Viên Thành Phố
951,2024-11-03 17:30:10.247154+00,56011300,71-38363,Spa
952,2024-11-03 17:30:10.445764+00,58307908,71-38376,Hang Động
953,2024-11-03 17:30:10.445764+00,58307908,71-38400,Khu Nghỉ Dưỡng
954,2024-11-03 17:30:10.646848+00,142366167,71-38712,Phòng Trưng Bày Mỹ Thuật
957,2024-11-03 17:30:11.243933+00,142659408,71-38560,Rạp Chiếu Phim
958,2024-11-03 17:30:11.432578+00,142547016,71-38560,Rạp Chiếu Phim
963,2024-11-03 17:30:12.019691+00,137222924,71-38575,Di Tích Lịch Sử
965,2024-11-03 17:30:12.403616+00,137360501,71-38379,Công Viên Thành Phố
966,2024-11-03 17:30:12.603523+00,142495556,71-38371,Núi
967,2024-11-03 17:30:12.603523+00,142495556,71-38375,Rừng
968,2024-11-03 17:30:12.796285+00,58362444,71-38391,Nhà Thờ & Thánh Đường
969,2024-11-03 17:30:12.796285+00,58362444,71-38513,Địa Điểm Thờ Phụng Khác
970,2024-11-03 17:30:12.998435+00,142648556,71-38626,Đền Chùa
971,2024-11-03 17:30:16.797488+00,38597293,71-38513,Địa Điểm Thờ Phụng Khác
972,2024-11-03 17:30:16.797488+00,38597293,71-38575,Di Tích Lịch Sử
975,2024-11-03 17:30:17.180356+00,18688213,71-38702,Lặn Ngoài Trời
977,2024-11-03 17:30:17.539116+00,56047272,71-38626,Đền Chùa
979,2024-11-03 17:30:17.905841+00,142829256,71-38560,Rạp Chiếu Phim
981,2024-11-03 17:30:18.274378+00,137083929,71-38522,Bãi Biển
982,2024-11-03 17:30:18.461159+00,133553414,71-38581,Đền Thờ/Miếu
983,2024-11-03 17:30:18.461159+00,133553414,71-38626,Đền Chùa
984,2024-11-03 17:30:18.461159+00,133553414,71-38629,Kiến Trúc Lịch Sử
986,2024-11-03 17:30:18.820374+00,141806815,71-38560,Rạp Chiếu Phim
987,2024-11-03 17:30:19.005842+00,38731141,71-38713,Bảo Tàng
1030,2024-11-03 17:31:45.522948+00,38622081,71-38575,Di Tích Lịch Sử
1031,2024-11-03 17:31:45.522948+00,38622081,71-38586,Tượng/Điêu Khắc
1046,2024-11-03 17:34:24.073311+00,38534842,71-38575,Di Tích Lịch Sử
1047,2024-11-03 17:34:24.276973+00,50585878,71-38713,Bảo Tàng
1048,2024-11-03 17:34:24.276973+00,50585878,71-38575,Di Tích Lịch Sử
1049,2024-11-03 17:34:24.472441+00,50595327,71-38412,Đi Bộ Đường Dài/Đạp Xe
1050,2024-11-03 17:34:24.658293+00,55829505,71-38369,Hồ
1051,2024-11-03 17:34:24.839059+00,55894440,71-38522,Bãi Biển
1053,2024-11-03 17:34:25.197311+00,58284430,71-38522,Bãi Biển
1058,2024-11-03 17:34:31.724363+00,61824098,71-38522,Bãi Biển
1059,2024-11-03 17:34:31.914257+00,61991862,71-38360,Sân Golf
1062,2024-11-03 17:34:32.292721+00,78728920,71-38472,Lớp Học DIY (Tự Làm)
1069,2024-11-03 17:34:33.569972+00,136940607,71-38713,Bảo Tàng
1070,2024-11-03 17:34:33.748596+00,137067030,71-38365,Đi Bộ Đường Dài
1197,2024-11-05 07:57:52.803394+00,29950390,71-38363,Spa
1201,2024-11-05 07:57:53.714027+00,138541266,71-38379,Công Viên Thành Phố
1204,2024-11-05 07:57:54.352297+00,33194044,71-38638,Thể Thao Dưới Nước
1225,2024-11-05 07:58:02.791017+00,136142708,71-38363,Spa
1230,2024-11-05 07:58:03.750201+00,138080980,71-38379,Công Viên Thành Phố
1231,2024-11-05 07:58:07.779967+00,138119111,71-38713,Bảo Tàng
1232,2024-11-05 07:58:07.976801+00,138256721,71-38380,Vườn/Hoa Viên
1233,2024-11-05 07:58:08.176227+00,138784542,71-38636,Đảo/Bán Đảo
1234,2024-11-05 07:58:08.381044+00,139029518,71-38713,Bảo Tàng
1236,2024-11-05 07:58:08.764196+00,139639879,71-38380,Vườn/Hoa Viên
1238,2024-11-05 07:58:09.190363+00,18312860,71-38360,Sân Golf
1239,2024-11-05 07:58:09.391575+00,18700023,71-38575,Di Tích Lịch Sử
1240,2024-11-05 07:58:09.391575+00,18700023,71-38626,Đền Chùa
1241,2024-11-05 07:58:09.596582+00,18713835,71-38626,Đền Chùa
1243,2024-11-05 07:58:10.004347+00,22950896,71-38629,Kiến Trúc Lịch Sử
1244,2024-11-05 07:58:19.305941+00,22950912,71-38713,Bảo Tàng
1245,2024-11-05 07:58:19.533085+00,23034388,71-38369,Hồ
1246,2024-11-05 07:58:19.741726+00,31979599,71-38638,Thể Thao Dưới Nước
1247,2024-11-05 07:58:19.964591+00,31981894,71-38522,Bãi Biển
1248,2024-11-05 07:58:20.185589+00,31982760,71-38363,Spa
1249,2024-11-05 07:58:20.389858+00,32795696,71-38469,Tour Đi Thuyền
1250,2024-11-05 07:58:20.389858+00,32795696,71-38537,Hoạt Động Với Nước
1251,2024-11-05 07:58:20.660826+00,32862926,71-38363,Spa
1252,2024-11-05 07:58:20.979272+00,32938198,71-38363,Spa
1253,2024-11-05 07:58:21.204273+00,33196713,71-38638,Thể Thao Dưới Nước
1254,2024-11-05 07:58:21.452092+00,33198458,71-38537,Hoạt Động Với Nước
1255,2024-11-05 07:58:21.452092+00,33198458,71-38638,Thể Thao Dưới Nước
1256,2024-11-05 07:58:21.675807+00,36592200,71-38398,Chùa Cổ
1257,2024-11-05 07:58:21.675807+00,36592200,71-38626,Đền Chùa
1258,2024-11-05 07:58:21.900402+00,38337588,71-38712,Bảo Tàng Nghệ Thuật
1260,2024-11-05 07:58:22.345239+00,38643185,71-38575,Di Tích Lịch Sử
1261,2024-11-05 07:58:22.555138+00,38672202,71-38712,Bảo Tàng Nghệ Thuật
1263,2024-11-05 07:58:23.066841+00,38880663,71-38630,Kiến Trúc Hiện Đại
1264,2024-11-05 07:58:23.288917+00,38909266,71-38575,Di Tích Lịch Sử
1265,2024-11-05 07:58:23.485012+00,39570574,71-38712,Địa Điểm Quân Sự
1266,2024-11-05 07:58:23.485012+00,39570574,71-38713,Bảo Tàng
1267,2024-11-05 07:58:23.696935+00,39588730,71-38630,Kiến Trúc Hiện Đại
1268,2024-11-05 07:58:28.917753+00,50528995,71-38712,Bảo Tàng Nghệ Thuật
1269,2024-11-05 07:58:29.126721+00,50540637,71-38375,Rừng
1270,2024-11-05 07:58:29.126721+00,50540637,71-38377,Hẻm Núi
1275,2024-11-05 07:58:29.961939+00,55866020,71-38363,Spa
1276,2024-11-05 07:58:30.169879+00,55895144,71-38363,Spa
1277,2024-11-05 07:58:30.396754+00,56014467,71-38363,Spa
1278,2024-11-05 07:58:30.67666+00,56020895,71-38363,Spa
1279,2024-11-05 07:58:30.882353+00,56068642,71-38370,Thác Nước
1282,2024-11-05 07:58:31.55053+00,56813848,71-38388,Công Viên Chủ Đề
1285,2024-11-05 07:58:32.19979+00,58274286,71-38376,Hang Động
1286,2024-11-05 07:58:32.19979+00,58274286,71-38575,Di Tích Lịch Sử
1288,2024-11-05 07:58:32.610297+00,58332292,71-38369,Hồ
1289,2024-11-05 07:58:32.838644+00,58337637,71-38384,Sở Thú
1290,2024-11-05 07:58:36.832122+00,58342647,71-38522,Bãi Biển
1291,2024-11-05 07:58:37.127717+00,58363554,71-38400,Khu Nghỉ Dưỡng
1292,2024-11-05 07:58:37.43117+00,58379919,71-38712,Nhà Cao Tầng
1293,2024-11-05 07:58:37.43117+00,58379919,71-38575,Di Tích Lịch Sử
1294,2024-11-05 07:58:37.742174+00,61217089,71-38522,Bãi Biển
1295,2024-11-05 07:58:37.950033+00,61232520,71-38379,Công Viên Thành Phố
1296,2024-11-05 07:58:38.14741+00,61827781,71-38512,Tour Ngắm Cảnh Khác
1297,2024-11-05 07:58:38.353157+00,61829250,71-38469,Tour Đi Thuyền
1298,2024-11-05 07:58:38.353157+00,61829250,71-38537,Hoạt Động Với Nước
1300,2024-11-05 07:58:38.777302+00,61883476,71-38513,Địa Điểm Thờ Phụng Khác
1303,2024-11-05 07:58:39.424853+00,31982396,71-38363,Spa
1306,2024-11-05 07:58:40.211232+00,20905677,71-38370,Thác Nước
1309,2024-11-05 07:58:40.822103+00,31980527,71-38363,Spa
1310,2024-11-05 07:58:41.030113+00,33198597,71-38537,Hoạt Động Với Nước
1311,2024-11-05 07:58:41.030113+00,33198597,71-38638,Thể Thao Dưới Nước
1312,2024-11-05 07:58:45.119711+00,15153128,71-38360,Sân Golf
1313,2024-11-05 07:58:45.119711+00,15153128,71-38587,Sân Vận Động
1314,2024-11-05 07:58:45.330182+00,62020985,71-38513,Địa Điểm Thờ Phụng Khác
1315,2024-11-05 07:58:45.330182+00,62020985,71-38626,Đền Chùa
1316,2024-11-05 07:58:45.55142+00,18700020,71-38626,Đền Chùa
1317,2024-11-05 07:58:45.755292+00,32881246,71-38363,Spa
1318,2024-11-05 07:58:45.96558+00,55988877,71-38363,Spa
1323,2024-11-05 07:58:47.004979+00,23029191,71-38371,Núi
1328,2024-11-05 07:58:48.060261+00,31980338,71-38363,Spa
1330,2024-11-05 07:58:48.478254+00,15151589,71-38360,Sân Golf
1331,2024-11-05 07:58:48.680641+00,18298185,71-38363,Spa
1333,2024-11-05 07:58:57.382813+00,31981350,71-38363,Spa
1334,2024-11-05 07:58:57.609265+00,31981913,71-38363,Spa
1335,2024-11-05 07:58:57.82174+00,33771789,71-38360,Sân Golf
1339,2024-11-05 07:58:58.447306+00,56820616,71-38573,Cầu
1340,2024-11-05 07:58:58.658063+00,61928189,71-38552,Chợ
1370,2024-11-05 08:00:52.789437+00,23899134,71-38573,Cầu
1371,2024-11-05 08:00:52.988449+00,18700048,71-38383,Công Viên Quốc Gia
1372,2024-11-05 08:00:52.988449+00,18700048,71-38583,Di Sản Thế Giới UNESCO - Di Sản Văn Hóa
1373,2024-11-05 08:00:53.198761+00,39888178,71-38712,Địa Điểm Quân Sự
1374,2024-11-05 08:00:53.198761+00,39888178,71-38713,Bảo Tàng
1376,2024-11-05 08:00:53.613308+00,13759618,71-38626,Đền Chùa
1380,2024-11-05 08:00:54.431158+00,20905668,71-38626,Đền Chùa
1381,2024-11-05 08:00:54.633962+00,23034199,71-38586,Tượng/Điêu Khắc
1382,2024-11-05 08:00:54.633962+00,23034199,71-38626,Đền Chùa
1383,2024-11-05 08:00:54.847494+00,33778004,71-38379,Công Viên Thành Phố
1384,2024-11-05 08:00:54.847494+00,33778004,71-38386,Công Viên Nước
1385,2024-11-05 08:00:55.04866+00,80753,71-38581,Đền Thờ/Miếu
1386,2024-11-05 08:00:55.258914+00,22672737,71-38713,Bảo Tàng
1387,2024-11-05 08:00:55.258914+00,22672737,71-38660,Tham quan ban đêm
1388,2024-11-05 08:00:55.462978+00,18298177,71-38360,Sân Golf
1389,2024-11-05 08:00:55.651426+00,18298192,71-38385,Thủy Cung
1390,2024-11-05 08:00:55.651426+00,18298192,71-38412,Đi Bộ Đường Dài/Đạp Xe
1391,2024-11-05 08:00:55.863021+00,31982635,71-38363,Spa
1392,2024-11-05 08:00:56.074374+00,56813910,71-38706,Khu Dân Cư Nổi Bật
1393,2024-11-05 08:01:00.739355+00,32052793,71-38512,Tour Ngắm Cảnh Khác
1394,2024-11-05 08:01:00.739355+00,32052793,71-38537,Hoạt Động Với Nước
1395,2024-11-05 08:01:00.739355+00,32052793,71-38638,Thể Thao Dưới Nước
1396,2024-11-05 08:01:00.926737+00,50638414,71-38360,Sân Golf
1397,2024-11-05 08:01:01.128836+00,56000733,71-38513,Địa Điểm Thờ Phụng Khác
1422,2024-11-05 08:01:14.718091+00,31980345,71-38702,Lặn Ngoài Trời
1425,2024-11-05 08:01:15.345594+00,23895632,71-38586,Tượng/Điêu Khắc
1426,2024-11-05 08:01:15.345594+00,23895632,71-38626,Đền Chùa
1431,2024-11-05 08:01:15.948664+00,20905679,71-38712,Địa Điểm Quân Sự
1432,2024-11-05 08:01:15.948664+00,20905679,71-38713,Bảo Tàng
1434,2024-11-05 08:01:16.347248+00,23034050,71-38371,Núi
1435,2024-11-05 08:01:16.347248+00,23034050,71-38375,Rừng
1436,2024-11-05 08:01:16.347248+00,23034050,71-38382,Khu Bảo Tồn Thiên Nhiên
1437,2024-11-05 08:01:16.347248+00,23034050,71-38383,Công Viên Quốc Gia
1438,2024-11-05 08:01:16.347248+00,23034050,71-38418,Khu Cắm Trại
1439,2024-11-05 08:01:16.544921+00,18298208,71-38363,Spa
1440,2024-11-05 08:01:16.765563+00,31980120,71-38363,Spa
1443,2024-11-05 08:01:21.619226+00,96724,71-38513,Địa Điểm Thờ Phụng Khác
1444,2024-11-05 08:01:21.619226+00,96724,71-38626,Đền Chùa
1445,2024-11-05 08:01:21.897764+00,10354919,71-38363,Spa
1446,2024-11-05 08:01:22.240654+00,31982189,71-38363,Spa
1450,2024-11-05 08:01:23.269964+00,28243174,71-38712,Thị Trấn
1451,2024-11-05 08:01:23.575603+00,30066756,71-38418,Khu Cắm Trại
1452,2024-11-05 08:01:23.575603+00,30066756,71-38522,Bãi Biển
1453,2024-11-05 08:01:23.881188+00,33198505,71-38537,Hoạt Động Với Nước
1454,2024-11-05 08:01:23.881188+00,33198505,71-38638,Thể Thao Dưới Nước
1456,2024-11-05 08:01:24.396818+00,58352380,71-38522,Bãi Biển
1460,2024-11-05 08:01:25.285557+00,18312876,71-38363,Spa
1461,2024-11-05 08:01:25.478672+00,31981605,71-38363,Spa
1462,2024-11-05 08:01:25.69367+00,31981794,71-38363,Spa
1463,2024-11-11 16:07:25.50421+00,17654906,71-38400,Khu Nghỉ Dưỡng
1464,2024-11-11 16:07:25.50421+00,17654906,71-38403,Cáp Treo
1465,2024-11-11 16:07:25.701333+00,69999968,71-38522,Bãi Biển
1466,2024-11-11 16:07:25.701333+00,69999968,71-38636,Đảo/Bán Đảo
1467,2024-11-11 16:07:25.883415+00,58313038,71-38371,Núi
1468,2024-11-11 16:07:25.883415+00,58313038,71-38416,Leo Núi
1469,2024-11-11 16:07:26.104881+00,148819153,71-38399,Công Trình Thủy Lợi
1470,2024-11-11 16:07:26.104881+00,148819153,71-38629,Kiến Trúc Lịch Sử
1471,2024-11-11 16:07:26.209566+00,50555709,71-38371,Núi
1472,2024-11-11 16:07:26.209566+00,50555709,71-38512,Tour Ngắm Cảnh Khác
1473,2024-11-11 16:07:26.406516+00,143818925,71-38391,Nhà Thờ & Thánh Đường
1474,2024-11-11 16:07:26.406516+00,143818925,71-38512,Tour Ngắm Cảnh Khác
1475,2024-11-11 16:07:26.588147+00,61222214,71-38375,Rừng
1476,2024-11-11 16:07:26.588147+00,61222214,71-38384,Sở Thú
1477,2024-11-11 16:07:26.779772+00,137897176,71-38371,Núi
1478,2024-11-11 16:07:26.779772+00,137897176,71-38512,Tour Ngắm Cảnh Khác
1479,2024-11-11 16:07:26.975755+00,144611529,71-38391,Nhà Thờ & Thánh Đường
1480,2024-11-11 16:07:26.975755+00,144611529,71-38512,Tour Ngắm Cảnh Khác
1481,2024-11-11 16:07:27.088399+00,147200841,71-38575,Di Tích Lịch Sử
1482,2024-11-11 16:07:27.088399+00,147200841,71-38512,Tour Ngắm Cảnh Khác
1483,2024-11-11 16:07:27.268727+00,55804020,71-38629,Kiến Trúc Lịch Sử
1484,2024-11-11 16:07:27.268727+00,55804020,71-38512,Tour Ngắm Cảnh Khác
1485,2024-11-11 16:07:27.400718+00,147145362,71-38375,Rừng
1486,2024-11-11 16:07:27.400718+00,147145362,71-38418,Khu Cắm Trại
1487,2024-11-11 16:07:27.616816+00,147418292,71-38580,Địa điểm nổi bật
1488,2024-11-11 16:07:27.616816+00,147418292,71-38629,Kiến Trúc Lịch Sử
1489,2024-11-11 16:07:27.725198+00,142493938,71-38522,Bãi Biển
1490,2024-11-11 16:07:27.725198+00,142493938,71-38528,Tòa Thị Chính
1491,2024-11-11 16:07:27.828833+00,17654380,71-38556,Trung Tâm Giải Trí
1492,2024-11-11 16:07:27.828833+00,17654380,71-38560,Rạp Chiếu Phim
1493,2024-11-11 16:07:27.938425+00,55838986,71-38376,Hang Động
1494,2024-11-11 16:07:27.938425+00,55838986,71-38375,Rừng
1495,2024-11-11 16:07:28.154235+00,146585176,71-38575,Di Tích Lịch Sử
1496,2024-11-11 16:07:28.154235+00,146585176,71-38375,Rừng
1497,2024-11-11 16:07:28.335777+00,137179996,71-38522,Bãi Biển
1498,2024-11-11 16:07:28.335777+00,137179996,71-38528,Tòa Thị Chính
1499,2024-11-11 16:07:28.432674+00,148831283,71-38372,Suối Nước Nóng
1500,2024-11-11 16:07:28.432674+00,148831283,71-38375,Rừng
1501,2024-11-11 16:07:28.63552+00,30464864,71-38556,Trung Tâm Giải Trí
1502,2024-11-11 16:07:28.63552+00,30464864,71-38564,Thư Viện
1503,2024-11-11 16:07:28.768635+00,146469977,71-38372,Suối Nước Nóng
1504,2024-11-11 16:07:28.768635+00,146469977,71-38384,Sở Thú
1505,2024-11-11 16:07:28.944683+00,147078930,71-38552,Chợ
1506,2024-11-11 16:07:28.944683+00,147078930,71-38560,Rạp Chiếu Phim
1507,2024-11-11 16:07:29.046157+00,31693726,71-38522,Bãi Biển
1508,2024-11-11 16:07:29.046157+00,31693726,71-38371,Núi
1509,2024-11-11 16:07:29.145829+00,142261123,71-38400,Khu Nghỉ Dưỡng
1510,2024-11-11 16:07:29.145829+00,142261123,71-38572,Đài Phun Nước
1511,2024-11-11 16:07:29.246277+00,146591748,71-38371,Núi
1512,2024-11-11 16:07:29.246277+00,146591748,71-38375,Rừng
1513,2024-11-11 16:07:29.352376+00,61244507,71-38512,Tour Ngắm Cảnh Khác
1514,2024-11-11 16:07:29.352376+00,61244507,71-38561,Phòng Khiêu Vũ
1515,2024-11-11 16:07:29.45101+00,143764784,71-38380,Vườn/Hoa Viên
1516,2024-11-11 16:07:29.45101+00,143764784,71-38375,Rừng
1517,2024-11-11 16:07:29.545392+00,144795404,71-38522,Bãi Biển
1518,2024-11-11 16:07:29.545392+00,144795404,71-38575,Di Tích Lịch Sử
1519,2024-11-11 16:07:29.642018+00,142869835,71-38513,Địa Điểm Thờ Phụng Khác
1520,2024-11-11 16:07:29.642018+00,142869835,71-38399,Công Trình Thủy Lợi
1521,2024-11-11 16:07:29.739084+00,141468936,71-38384,Sở Thú
1522,2024-11-11 16:07:29.739084+00,141468936,71-38660,Tham Quan Ban Đêm
1523,2024-11-11 16:07:29.834473+00,145057408,71-38379,Công Viên Thành Phố
1524,2024-11-11 16:07:29.834473+00,145057408,71-38512,Tour Ngắm Cảnh Khác
1525,2024-11-11 16:07:29.94035+00,136145417,71-38378,Công Viên Giải Trí
1526,2024-11-11 16:07:29.94035+00,136145417,71-38580,Địa điểm nổi bật
1527,2024-11-11 16:07:30.049722+00,142379336,71-38560,Rạp Chiếu Phim
1528,2024-11-11 16:07:30.049722+00,142379336,71-38556,Trung Tâm Giải Trí
1529,2024-11-11 16:07:30.155398+00,142534238,71-38384,Sở Thú
1530,2024-11-11 16:07:30.155398+00,142534238,71-38385,Thủy Cung
1531,2024-11-11 16:07:30.346046+00,142387378,71-38522,Bãi Biển
1532,2024-11-11 16:07:30.346046+00,142387378,71-38400,Khu Nghỉ Dưỡng
1533,2024-11-11 16:07:30.44701+00,142820312,71-38560,Rạp Chiếu Phim
1534,2024-11-11 16:07:30.44701+00,142820312,71-38512,Tour Ngắm Cảnh Khác
1535,2024-11-11 16:07:30.539296+00,146792295,71-38400,Khu Nghỉ Dưỡng
1536,2024-11-11 16:07:30.539296+00,146792295,71-38552,Chợ
1537,2024-11-11 16:07:30.718659+00,147573412,71-38375,Rừng
1538,2024-11-11 16:07:30.718659+00,147573412,71-38512,Tour Ngắm Cảnh Khác
1539,2024-11-11 16:07:30.816564+00,147517289,71-38556,Trung Tâm Giải Trí
1540,2024-11-11 16:07:30.816564+00,147517289,71-38572,Đài Phun Nước
1541,2024-11-11 16:07:30.917573+00,146327532,71-38560,Rạp Chiếu Phim
1542,2024-11-11 16:07:30.917573+00,146327532,71-38513,Địa Điểm Thờ Phụng Khác
1543,2024-11-11 16:07:31.021569+00,61186538,71-38556,Trung Tâm Giải Trí
1544,2024-11-11 16:07:31.021569+00,61186538,71-38399,Công Trình Thủy Lợi
1545,2024-11-11 16:07:31.123257+00,20905655,71-38399,Công Trình Thủy Lợi
1546,2024-11-11 16:07:31.123257+00,20905655,71-38416,Leo Núi
1547,2024-11-11 16:07:31.228354+00,143766394,71-38512,Tour Ngắm Cảnh Khác
1548,2024-11-11 16:07:31.228354+00,143766394,71-38399,Công Trình Thủy Lợi
1549,2024-11-11 16:07:31.321849+00,55831277,71-38375,Rừng
1550,2024-11-11 16:07:31.321849+00,55831277,71-38371,Núi
1551,2024-11-11 16:07:31.428447+00,62029012,71-38513,Địa Điểm Thờ Phụng Khác
1552,2024-11-11 16:07:31.428447+00,62029012,71-38391,Nhà Thờ & Thánh Đường
1553,2024-11-11 16:07:31.523351+00,143858763,71-38399,Công Trình Thủy Lợi
1554,2024-11-11 16:07:31.523351+00,143858763,71-38384,Sở Thú
1555,2024-11-11 16:07:31.623596+00,146693380,71-38556,Trung Tâm Giải Trí
1556,2024-11-11 16:07:31.623596+00,146693380,71-38513,Địa Điểm Thờ Phụng Khác
1557,2024-11-11 16:07:31.717046+00,147288833,71-38575,Di Tích Lịch Sử
1558,2024-11-11 16:07:31.717046+00,147288833,71-38400,Khu Nghỉ Dưỡng
1559,2024-11-11 16:07:31.810839+00,146227661,71-38556,Trung Tâm Giải Trí
1560,2024-11-11 16:07:31.810839+00,146227661,71-38513,Địa Điểm Thờ Phụng Khác
1561,2024-11-11 16:07:31.900134+00,144831108,71-38556,Trung Tâm Giải Trí
1562,2024-11-11 16:07:31.900134+00,144831108,71-38512,Tour Ngắm Cảnh Khác
1563,2024-11-11 16:07:31.998917+00,142763783,71-38556,Trung Tâm Giải Trí
1564,2024-11-11 16:07:31.998917+00,142763783,71-38512,Tour Ngắm Cảnh Khác
1565,2024-11-11 16:07:32.095261+00,137399228,71-38522,Bãi Biển
1566,2024-11-11 16:07:32.095261+00,137399228,71-38371,Núi
1567,2024-11-11 16:07:32.200764+00,142459875,71-38371,Núi
1568,2024-11-11 16:07:32.200764+00,142459875,71-38416,Leo Núi
1569,2024-11-11 16:07:32.305907+00,146417114,71-38399,Công Trình Thủy Lợi
1570,2024-11-11 16:07:32.305907+00,146417114,71-38416,Leo Núi
1571,2024-11-11 16:07:32.407034+00,136778175,71-38376,Hang Động
1572,2024-11-11 16:07:32.407034+00,136778175,71-38512,Tour Ngắm Cảnh Khác
1573,2024-11-11 16:07:32.505047+00,136737219,71-38522,Bãi Biển
1574,2024-11-11 16:07:32.505047+00,136737219,71-38371,Núi
1575,2024-11-11 16:07:32.608509+00,147653625,71-38575,Di Tích Lịch Sử
1576,2024-11-11 16:07:32.608509+00,147653625,71-38400,Khu Nghỉ Dưỡng
1577,2024-11-11 16:07:32.708245+00,132068886,71-38572,Đài Phun Nước
1578,2024-11-11 16:07:32.708245+00,132068886,71-38560,Rạp Chiếu Phim
1579,2024-11-11 16:07:32.802278+00,144680432,71-38375,Rừng
1580,2024-11-11 16:07:32.802278+00,144680432,71-38512,Tour Ngắm Cảnh Khác
1581,2024-11-11 16:07:32.909722+00,137151421,71-38384,Sở Thú
1582,2024-11-11 16:07:32.909722+00,137151421,71-38416,Leo Núi
1583,2024-11-11 16:07:33.005915+00,137182189,71-38522,Bãi Biển
1584,2024-11-11 16:07:33.005915+00,137182189,71-38400,Khu Nghỉ Dưỡng
1585,2024-11-11 16:07:33.106949+00,143845802,71-38399,Công Trình Thủy Lợi
1586,2024-11-11 16:07:33.106949+00,143845802,71-38375,Rừng
1587,2024-11-11 16:07:33.21175+00,147210790,71-38399,Công Trình Thủy Lợi
1588,2024-11-11 16:07:33.21175+00,147210790,71-38416,Leo Núi
1589,2024-11-11 16:07:33.311129+00,38735208,71-38512,Tour Ngắm Cảnh Khác
1590,2024-11-11 16:07:33.311129+00,38735208,71-38416,Leo Núi
1591,2024-11-11 16:07:33.410116+00,143791018,71-38512,Tour Ngắm Cảnh Khác
1592,2024-11-11 16:07:33.410116+00,143791018,71-38400,Khu Nghỉ Dưỡng
1593,2024-11-11 16:07:33.506829+00,138844654,71-38416,Leo Núi
1594,2024-11-11 16:07:33.506829+00,138844654,71-38513,Địa Điểm Thờ Phụng Khác
1595,2024-11-11 16:07:33.60486+00,143791564,71-38375,Rừng
1596,2024-11-11 16:07:33.60486+00,143791564,71-38512,Tour Ngắm Cảnh Khác
1597,2024-11-11 16:07:33.698168+00,137238371,71-38375,Rừng
1598,2024-11-11 16:07:33.698168+00,137238371,71-38416,Leo Núi
1599,2024-11-11 16:07:33.79663+00,147276978,71-38400,Khu Nghỉ Dưỡng
1600,2024-11-11 16:07:33.79663+00,147276978,71-38556,Trung Tâm Giải Trí
1601,2024-11-11 16:07:33.898394+00,146636341,71-38572,Đài Phun Nước
1602,2024-11-11 16:07:33.898394+00,146636341,71-38512,Tour Ngắm Cảnh Khác
1603,2024-11-11 16:07:33.990837+00,61138144,71-38556,Trung Tâm Giải Trí
1604,2024-11-11 16:07:33.990837+00,61138144,71-38572,Đài Phun Nước
1605,2024-11-11 16:07:34.09401+00,146675660,71-38572,Đài Phun Nước
1606,2024-11-11 16:07:34.09401+00,146675660,71-38400,Khu Nghỉ Dưỡng
1607,2024-11-11 16:07:34.193648+00,146787471,71-38512,Tour Ngắm Cảnh Khác
1608,2024-11-11 16:07:34.193648+00,146787471,71-38375,Rừng
1609,2024-11-11 16:07:34.286916+00,61200500,71-38375,Rừng
1610,2024-11-11 16:07:34.286916+00,61200500,71-38400,Khu Nghỉ Dưỡng
1611,2024-11-11 16:07:34.386846+00,58305453,71-38399,Công Trình Thủy Lợi
1612,2024-11-11 16:07:34.386846+00,58305453,71-38416,Leo Núi
1613,2024-11-11 16:07:34.474078+00,143823972,71-38399,Công Trình Thủy Lợi
1614,2024-11-11 16:07:34.474078+00,143823972,71-38375,Rừng
1615,2024-11-11 16:07:34.568062+00,142611757,71-38581,Đền Thờ/Miếu
1616,2024-11-11 16:07:34.568062+00,142611757,71-38626,Đền Chùa
1617,2024-11-11 16:07:34.659186+00,143789745,71-38379,Công Viên Thành Phố
1618,2024-11-11 16:07:34.659186+00,143789745,71-38580,Địa điểm nổi bật
1619,2024-11-11 16:07:34.74724+00,142447390,71-38560,Rạp Chiếu Phim
1620,2024-11-11 16:07:34.84517+00,146706385,71-38375,Rừng
1621,2024-11-11 16:07:34.84517+00,146706385,71-38400,Khu Nghỉ Dưỡng
1622,2024-11-11 16:07:34.95023+00,136986339,71-38512,Tour Ngắm Cảnh Khác
1623,2024-11-11 16:07:34.95023+00,136986339,71-38522,Bãi Biển
1624,2024-11-11 16:07:35.04737+00,134100373,71-38472,Lớp Học DIY (Tự Làm)
1625,2024-11-11 16:07:35.04737+00,134100373,71-38419,Lâu Đài
1626,2024-11-11 16:07:35.15154+00,142271683,71-38512,Tour Ngắm Cảnh Khác
1627,2024-11-11 16:07:35.15154+00,142271683,71-38400,Khu Nghỉ Dưỡng
1628,2024-11-11 16:07:35.246205+00,144008496,71-38560,Rạp Chiếu Phim
1629,2024-11-11 16:07:35.352012+00,129756628,71-38372,Suối Nước Nóng
1630,2024-11-11 16:07:35.352012+00,129756628,71-38400,Khu Nghỉ Dưỡng
1631,2024-11-11 16:07:35.452067+00,144862308,71-38360,Sân Golf
1632,2024-11-11 16:07:35.558954+00,20905653,71-38575,Di Tích Lịch Sử
1633,2024-11-11 16:07:35.558954+00,20905653,71-38582,Bể Bơi
1634,2024-11-11 16:07:35.661695+00,143996357,71-38560,Rạp Chiếu Phim
1635,2024-11-11 16:07:35.774905+00,148957293,71-38400,Khu Nghỉ Dưỡng
1636,2024-11-11 16:07:35.774905+00,148957293,71-38512,Tour Ngắm Cảnh Khác
1637,2024-11-11 16:07:35.889674+00,96727,71-38371,Núi
1638,2024-11-11 16:07:35.889674+00,96727,71-38512,Tour Ngắm Cảnh Khác
1639,2024-11-11 16:07:35.995741+00,61860846,71-38552,Chợ
1640,2024-11-11 16:07:35.995741+00,61860846,71-38512,Tour Ngắm Cảnh Khác
1641,2024-11-11 16:07:36.108884+00,31980143,71-38363,Spa
1642,2024-11-11 16:07:36.205129+00,146410230,71-38560,Rạp Chiếu Phim
1643,2024-11-11 16:07:36.310754+00,146407579,71-38560,Rạp Chiếu Phim
1644,2024-11-11 16:07:36.439515+00,143857601,71-38513,Địa Điểm Thờ Phụng Khác
1645,2024-11-11 16:07:36.439515+00,143857601,71-38626,Đền Chùa
1646,2024-11-11 16:07:36.543698+00,61880736,71-38512,Tour Ngắm Cảnh Khác
1647,2024-11-11 16:07:36.543698+00,61880736,71-38472,Lớp Học DIY (Tự Làm)
1648,2024-11-11 16:07:36.66314+00,147029483,71-38653,Khu Vui Chơi Trẻ Em
1649,2024-11-11 16:07:36.66314+00,147029483,71-38419,Lâu Đài
1650,2024-11-11 16:07:36.767291+00,136743469,71-38512,Tour Ngắm Cảnh Khác
1651,2024-11-11 16:07:36.767291+00,136743469,71-38522,Bãi Biển
1652,2024-11-11 16:07:36.883575+00,144790581,71-38369,Hồ
1653,2024-11-11 16:07:36.883575+00,144790581,71-38400,Khu Nghỉ Dưỡng
1654,2024-11-11 16:07:36.991874+00,144660704,71-38560,Rạp Chiếu Phim
1678,2024-11-11 16:18:24.955167+00,144009460,71-38560,Rạp Chiếu Phim
1679,2024-11-11 16:18:25.141294+00,36232227,71-38522,Bãi Biển
1680,2024-11-11 16:18:25.141294+00,36232227,71-38636,Đảo/Bán Đảo
1681,2024-11-11 16:18:25.323191+00,143798226,71-38379,Công Viên Thành Phố
1682,2024-11-11 16:18:25.323191+00,143798226,71-38400,Khu Nghỉ Dưỡng
1683,2024-11-11 16:18:25.491101+00,144871623,71-38360,Sân Golf
1684,2024-11-11 16:18:25.669222+00,146370266,71-38560,Rạp Chiếu Phim
1685,2024-11-11 16:18:25.759618+00,144620929,71-38560,Rạp Chiếu Phim
1687,2024-11-11 16:18:26.136177+00,56070184,71-38522,Bãi Biển
1688,2024-11-11 16:18:26.136177+00,56070184,71-38636,Đảo/Bán Đảo
1689,2024-11-11 16:18:26.237737+00,146446865,71-38400,Khu Nghỉ Dưỡng
1690,2024-11-11 16:18:26.418526+00,55836519,71-38518,Du Lịch Văn Hóa
1691,2024-11-11 16:18:26.418526+00,55836519,71-38512,Tour Ngắm Cảnh Khác
1692,2024-11-11 16:18:26.510636+00,147546395,71-38400,Khu Nghỉ Dưỡng
1693,2024-11-11 16:18:26.61239+00,137095145,71-38564,Thư Viện
1694,2024-11-11 16:18:26.715161+00,22950920,71-38512,Tour Ngắm Cảnh Khác
1695,2024-11-11 16:18:26.715161+00,22950920,71-38636,Đảo/Bán Đảo
1696,2024-11-11 16:18:26.81124+00,144828648,71-38400,Khu Nghỉ Dưỡng
1697,2024-11-11 16:18:26.81124+00,144828648,71-38522,Bãi Biển
1698,2024-11-11 16:18:26.99552+00,144294717,71-38575,Di Tích Lịch Sử
1699,2024-11-11 16:18:26.99552+00,144294717,71-38580,Địa điểm nổi bật
1700,2024-11-11 16:18:27.091835+00,146193297,71-38372,Suối Nước Nóng
1701,2024-11-11 16:18:27.182863+00,147317041,71-38560,Rạp Chiếu Phim
1702,2024-11-11 16:18:27.272483+00,146271094,71-38560,Rạp Chiếu Phim
1703,2024-11-11 16:18:27.360492+00,136775670,71-38564,Thư Viện
1704,2024-11-11 16:18:27.543857+00,142502190,71-38369,Hồ
1705,2024-11-11 16:18:27.642932+00,140139148,71-38376,Hang Động
1706,2024-11-11 16:18:27.817055+00,138755849,71-38513,Địa Điểm Thờ Phụng Khác
1707,2024-11-11 16:18:27.906425+00,144298921,71-38560,Rạp Chiếu Phim
1708,2024-11-11 16:18:28.010615+00,137662207,71-38522,Bãi Biển
1709,2024-11-11 16:18:28.193875+00,22950903,71-38513,Địa Điểm Thờ Phụng Khác
1710,2024-11-11 16:18:28.377103+00,146426801,71-38371,Núi
1711,2024-11-11 16:18:28.377103+00,146426801,71-38512,Tour Ngắm Cảnh Khác
1712,2024-11-11 16:18:28.465164+00,147012848,71-38400,Khu Nghỉ Dưỡng
1713,2024-11-11 16:18:28.562515+00,58354324,71-38518,Du Lịch Văn Hóa
1714,2024-11-11 16:18:28.562515+00,58354324,71-38512,Tour Ngắm Cảnh Khác
1715,2024-11-11 16:18:28.655508+00,144080489,71-38379,Công Viên Thành Phố
1716,2024-11-11 16:18:28.655508+00,144080489,71-38400,Khu Nghỉ Dưỡng
1717,2024-11-11 16:18:28.74595+00,144620883,71-38379,Công Viên Thành Phố
1718,2024-11-11 16:18:28.74595+00,144620883,71-38400,Khu Nghỉ Dưỡng
1719,2024-11-11 16:18:28.83985+00,143795012,71-38379,Công Viên Thành Phố
1720,2024-11-11 16:18:28.83985+00,143795012,71-38400,Khu Nghỉ Dưỡng
1721,2024-11-11 16:18:28.932521+00,146221327,71-38552,Chợ
1722,2024-11-11 16:18:29.024077+00,143802368,71-38376,Hang Động
1723,2024-11-11 16:18:29.110211+00,146632802,71-38560,Rạp Chiếu Phim
1724,2024-11-11 16:18:29.201668+00,146676105,71-38560,Rạp Chiếu Phim
1725,2024-11-11 16:18:29.290575+00,137074771,71-38625,Nông Trại
1726,2024-11-11 16:18:29.379861+00,144017016,71-38379,Công Viên Thành Phố
1727,2024-11-11 16:18:29.46733+00,143844622,71-38513,Địa Điểm Thờ Phụng Khác
1728,2024-11-11 16:18:29.562676+00,146723537,71-38513,Địa Điểm Thờ Phụng Khác
1729,2024-11-11 16:18:29.652355+00,147168600,71-38400,Khu Nghỉ Dưỡng
1730,2024-11-11 16:18:29.755423+00,137276910,71-38371,Núi
1731,2024-11-11 16:18:29.924486+00,149140238,71-38400,Khu Nghỉ Dưỡng
1732,2024-11-11 16:18:30.015581+00,136887342,71-38371,Núi
1733,2024-11-11 16:18:30.107487+00,20905662,71-38513,Địa Điểm Thờ Phụng Khác
1734,2024-11-11 16:18:30.20732+00,142675337,71-38564,Thư Viện
1735,2024-11-11 16:18:30.301761+00,143768057,71-38379,Công Viên Thành Phố
1736,2024-11-11 16:18:30.301761+00,143768057,71-38400,Khu Nghỉ Dưỡng
1737,2024-11-11 16:18:30.385015+00,147428630,71-38560,Rạp Chiếu Phim
1738,2024-11-11 16:18:30.475809+00,83314922,71-38360,Sân Golf
1739,2024-11-11 16:18:30.568023+00,146586435,71-38575,Di Tích Lịch Sử
1740,2024-11-11 16:18:30.665869+00,146437485,71-38513,Địa Điểm Thờ Phụng Khác
1741,2024-11-11 16:18:30.759587+00,142281501,71-38513,Địa Điểm Thờ Phụng Khác
1742,2024-11-11 16:18:30.852447+00,147602453,71-38400,Khu Nghỉ Dưỡng
1743,2024-11-11 16:18:30.945447+00,144720371,71-38379,Công Viên Thành Phố
1744,2024-11-11 16:18:31.038955+00,146399160,71-38552,Chợ
1745,2024-11-11 16:18:31.131009+00,141736591,71-38518,Du Lịch Văn Hóa
1746,2024-11-11 16:18:31.230699+00,144405138,71-38379,Công Viên Thành Phố
1747,2024-11-11 16:18:31.318746+00,22950904,71-38513,Địa Điểm Thờ Phụng Khác
1748,2024-11-11 16:18:31.417338+00,142803950,71-38560,Rạp Chiếu Phim
1749,2024-11-11 16:18:31.505207+00,148837229,71-38513,Địa Điểm Thờ Phụng Khác
1750,2024-11-11 16:18:31.59507+00,61993868,71-38512,Tour Ngắm Cảnh Khác
1751,2024-11-11 16:18:31.68179+00,147645379,71-38400,Khu Nghỉ Dưỡng
1752,2024-11-11 16:18:31.764062+00,146793891,71-38560,Rạp Chiếu Phim
1753,2024-11-11 16:18:31.904818+00,18105346,71-38575,Di Tích Lịch Sử
1754,2024-11-11 16:18:32.010399+00,146692138,71-38513,Địa Điểm Thờ Phụng Khác
1755,2024-11-11 16:18:32.1067+00,140982850,71-38513,Địa Điểm Thờ Phụng Khác
1756,2024-11-11 16:18:32.19922+00,143817791,71-38513,Địa Điểm Thờ Phụng Khác
1757,2024-11-11 16:18:32.286695+00,31693864,71-38518,Du Lịch Văn Hóa
1758,2024-11-11 16:18:32.372876+00,142738400,71-38513,Địa Điểm Thờ Phụng Khác
1759,2024-11-11 16:18:32.462983+00,146390362,71-38372,Suối Nước Nóng
1760,2024-11-11 16:18:32.552167+00,143792665,71-38379,Công Viên Thành Phố
1761,2024-11-11 16:18:32.552167+00,143792665,71-38400,Khu Nghỉ Dưỡng
1762,2024-11-11 16:18:32.640437+00,137547628,71-38522,Bãi Biển
1763,2024-11-11 16:18:32.728276+00,141716455,71-38560,Rạp Chiếu Phim
1764,2024-11-11 16:18:32.82268+00,142805891,71-38513,Địa Điểm Thờ Phụng Khác
1765,2024-11-11 16:18:32.914838+00,38915754,71-38552,Chợ
1766,2024-11-11 16:18:33.007403+00,142610439,71-38575,Di Tích Lịch Sử
1767,2024-11-11 16:18:33.106242+00,142553629,71-38400,Khu Nghỉ Dưỡng
1768,2024-11-11 16:18:33.196123+00,58352054,71-38360,Sân Golf
1769,2024-11-11 16:18:33.28685+00,143855490,71-38513,Địa Điểm Thờ Phụng Khác
1770,2024-11-11 16:18:33.388048+00,144042768,71-38379,Công Viên Thành Phố
1771,2024-11-11 16:18:33.480817+00,136083004,71-38400,Khu Nghỉ Dưỡng
1772,2024-11-11 16:18:33.570815+00,143766485,71-38379,Công Viên Thành Phố
1773,2024-11-11 16:18:33.663721+00,38738026,71-38513,Địa Điểm Thờ Phụng Khác
1774,2024-11-11 16:18:33.760611+00,147356041,71-38400,Khu Nghỉ Dưỡng
1775,2024-11-11 16:18:33.863926+00,146500104,71-38400,Khu Nghỉ Dưỡng
1776,2024-11-11 16:18:33.953614+00,142763092,71-38379,Công Viên Thành Phố
1777,2024-11-11 16:18:34.061559+00,136037382,71-38522,Bãi Biển
1778,2024-11-11 16:18:34.163315+00,139029468,71-38552,Chợ
1779,2024-11-11 16:18:34.251585+00,136629606,71-38518,Du Lịch Văn Hóa
1780,2024-11-11 16:18:34.344733+00,144791002,71-38513,Địa Điểm Thờ Phụng Khác
1781,2024-11-11 16:18:34.437379+00,147009059,71-38522,Bãi Biển
1782,2024-11-11 16:18:34.545038+00,139747768,71-38513,Địa Điểm Thờ Phụng Khác
1783,2024-11-11 16:18:34.64896+00,136686605,71-38564,Thư Viện
1784,2024-11-11 16:18:34.738823+00,143793178,71-38379,Công Viên Thành Phố
1785,2024-11-11 16:18:34.827998+00,144640576,71-38522,Bãi Biển
1786,2024-11-11 16:18:34.917922+00,137221038,71-38522,Bãi Biển
1787,2024-11-11 16:18:35.006301+00,142524926,71-38379,Công Viên Thành Phố
1788,2024-11-11 16:18:35.102285+00,138892810,71-38518,Du Lịch Văn Hóa
1789,2024-11-11 16:18:35.187093+00,98746,71-38522,Bãi Biển
1790,2024-11-11 16:18:35.27976+00,144001239,71-38400,Khu Nghỉ Dưỡng
1791,2024-11-11 16:18:35.367631+00,146340804,71-38400,Khu Nghỉ Dưỡng
1792,2024-11-11 16:18:35.454044+00,144812648,71-38564,Thư Viện
1793,2024-11-11 16:18:35.55279+00,144424785,71-38513,Địa Điểm Thờ Phụng Khác
1794,2024-11-11 16:18:35.646762+00,143762248,71-38379,Công Viên Thành Phố
1795,2024-11-11 16:18:35.739939+00,144563296,71-38400,Khu Nghỉ Dưỡng
1796,2024-11-11 16:18:35.829929+00,144257781,71-38552,Chợ
1797,2024-11-11 16:18:35.923547+00,136979635,71-38513,Địa Điểm Thờ Phụng Khác
1798,2024-11-11 16:18:36.017196+00,143867886,71-38513,Địa Điểm Thờ Phụng Khác
1799,2024-11-11 16:18:36.114885+00,56813959,71-38513,Địa Điểm Thờ Phụng Khác
1800,2024-11-11 16:18:36.208434+00,15056914,71-38522,Bãi Biển
1801,2024-11-11 16:18:36.312375+00,136735951,71-38360,Sân Golf
1802,2024-11-11 16:18:36.41339+00,144581074,71-38560,Rạp Chiếu Phim
1803,2024-11-11 16:18:36.604677+00,144666109,71-38379,Công Viên Thành Phố
1804,2024-11-11 16:18:36.693834+00,15151594,71-38360,Sân Golf
1805,2024-11-11 16:18:36.785016+00,138106584,71-38522,Bãi Biển
1806,2024-11-11 16:18:36.878448+00,146497255,71-38560,Rạp Chiếu Phim
1807,2024-11-11 16:18:36.979143+00,23029430,71-38575,Di Tích Lịch Sử
1808,2024-11-11 16:18:37.068603+00,147028910,71-38513,Địa Điểm Thờ Phụng Khác
1809,2024-11-11 16:18:37.173731+00,145055321,71-38522,Bãi Biển
1810,2024-11-11 16:18:37.272+00,142857694,71-38522,Bãi Biển
1811,2024-11-11 16:18:37.372201+00,141763417,71-38513,Địa Điểm Thờ Phụng Khác
1812,2024-11-11 16:18:37.372201+00,141763417,71-38360,Sân Golf
1813,2024-11-11 16:18:37.475004+00,147526893,71-38513,Địa Điểm Thờ Phụng Khác
1814,2024-11-11 16:18:37.575167+00,56074177,71-38513,Địa Điểm Thờ Phụng Khác
1815,2024-11-11 16:18:37.657957+00,148945666,71-38564,Thư Viện
1816,2024-11-11 16:18:37.748732+00,18832362,71-38360,Sân Golf
1817,2024-11-11 16:18:37.851229+00,145049102,71-38400,Khu Nghỉ Dưỡng
1818,2024-11-11 16:18:37.93891+00,61788597,71-38552,Chợ
1819,2024-11-11 16:18:38.023358+00,148808945,71-38560,Rạp Chiếu Phim
1820,2024-11-11 16:18:38.124118+00,147418728,71-38400,Khu Nghỉ Dưỡng
1821,2024-11-11 16:18:38.21237+00,144719969,71-38513,Địa Điểm Thờ Phụng Khác
1822,2024-11-11 16:18:38.301547+00,137242988,71-38522,Bãi Biển
1823,2024-11-11 16:18:38.397861+00,146257794,71-38360,Sân Golf
1824,2024-11-11 16:18:38.496246+00,146784601,71-38513,Địa Điểm Thờ Phụng Khác
1825,2024-11-11 16:18:38.591919+00,138398715,71-38360,Sân Golf
1826,2024-11-11 16:18:38.691393+00,142398818,71-38513,Địa Điểm Thờ Phụng Khác
1827,2024-11-11 16:18:38.786406+00,143804039,71-38379,Công Viên Thành Phố
1828,2024-11-11 16:18:38.882149+00,147211199,71-38560,Rạp Chiếu Phim
1829,2024-11-11 16:18:38.975453+00,141063857,71-38513,Địa Điểm Thờ Phụng Khác
1830,2024-11-11 16:18:39.081734+00,143845421,71-38513,Địa Điểm Thờ Phụng Khác
1831,2024-11-11 16:18:39.182632+00,13591979,71-38513,Địa Điểm Thờ Phụng Khác
1832,2024-11-11 16:18:39.279988+00,136822425,71-38360,Sân Golf
1833,2024-11-11 16:18:39.373627+00,144058556,71-38513,Địa Điểm Thờ Phụng Khác
1834,2024-11-11 16:18:39.469201+00,137191576,71-38360,Sân Golf
1835,2024-11-11 16:18:39.562309+00,147662229,71-38560,Rạp Chiếu Phim
1836,2024-11-11 16:18:39.652612+00,136096244,71-38360,Sân Golf
1837,2024-11-11 16:18:39.741685+00,144054532,71-38513,Địa Điểm Thờ Phụng Khác
1838,2024-11-11 16:18:39.840068+00,149026940,71-38400,Khu Nghỉ Dưỡng
1839,2024-11-11 16:18:39.92885+00,23031472,71-38513,Địa Điểm Thờ Phụng Khác
1840,2024-11-11 16:18:40.015149+00,144790065,71-38379,Công Viên Thành Phố
1841,2024-11-11 16:18:40.115042+00,146736618,71-38560,Rạp Chiếu Phim
1842,2024-11-11 16:18:40.206862+00,144769402,71-38379,Công Viên Thành Phố
1843,2024-11-11 16:18:40.297871+00,143777793,71-38360,Sân Golf
1844,2024-11-11 16:18:40.384519+00,143857878,71-38513,Địa Điểm Thờ Phụng Khác
1845,2024-11-11 16:18:40.538638+00,146403890,71-38560,Rạp Chiếu Phim
1846,2024-11-11 16:18:40.639219+00,144678396,71-38360,Sân Golf
1847,2024-11-11 16:18:40.733791+00,146535777,71-38400,Khu Nghỉ Dưỡng
1848,2024-11-11 16:18:40.82417+00,147425128,71-38552,Chợ
1849,2024-11-11 16:18:40.910077+00,147191023,71-38560,Rạp Chiếu Phim
1850,2024-11-11 16:18:40.998678+00,144014799,71-38560,Rạp Chiếu Phim
1851,2024-11-11 16:18:41.099155+00,142911801,71-38400,Khu Nghỉ Dưỡng
1852,2024-11-11 16:18:41.191723+00,146991910,71-38513,Địa Điểm Thờ Phụng Khác
1853,2024-11-11 16:18:41.289247+00,134087245,71-38360,Sân Golf
1854,2024-11-11 16:18:41.381838+00,136744705,71-38360,Sân Golf
1855,2024-11-11 16:18:41.467818+00,147267718,71-38560,Rạp Chiếu Phim
1857,2024-11-11 16:18:41.653363+00,84874,71-38513,Địa Điểm Thờ Phụng Khác
1858,2024-11-11 16:18:41.751432+00,143831806,71-38513,Địa Điểm Thờ Phụng Khác
1859,2024-11-11 16:18:41.842853+00,144606472,71-38360,Sân Golf
1860,2024-11-11 16:18:41.928901+00,147300242,71-38560,Rạp Chiếu Phim
1861,2024-11-11 16:18:42.060557+00,136274536,71-38513,Địa Điểm Thờ Phụng Khác
1862,2024-11-11 16:18:42.14671+00,142651655,71-38552,Chợ
1863,2024-11-11 16:18:42.242888+00,147425284,71-38513,Địa Điểm Thờ Phụng Khác
1864,2024-11-11 16:18:42.338432+00,143803170,71-38379,Công Viên Thành Phố
1866,2024-11-11 16:18:42.52056+00,146387701,71-38560,Rạp Chiếu Phim
1867,2024-11-11 16:18:42.608618+00,61993843,71-38513,Địa Điểm Thờ Phụng Khác
1868,2024-11-11 16:18:42.713494+00,31982314,71-38400,Khu Nghỉ Dưỡng
1869,2024-11-11 16:18:42.814977+00,61232126,71-38552,Chợ
1870,2024-11-11 16:18:42.902134+00,137235686,71-38360,Sân Golf
1871,2024-11-11 16:18:42.9908+00,140848045,71-38522,Bãi Biển
1872,2024-11-11 16:18:43.073283+00,36232337,71-38360,Sân Golf
1873,2024-11-11 16:18:43.155562+00,147645385,71-38560,Rạp Chiếu Phim
1874,2024-11-11 16:18:43.244364+00,142534828,71-38560,Rạp Chiếu Phim
1875,2024-11-11 16:18:43.329031+00,137419120,71-38513,Địa Điểm Thờ Phụng Khác
1876,2024-11-11 16:18:43.418019+00,144671190,71-38560,Rạp Chiếu Phim
1877,2024-11-11 16:18:43.506344+00,13591965,71-38513,Địa Điểm Thờ Phụng Khác
1878,2024-11-11 16:21:42.051856+00,141128379,71-38513,Địa Điểm Thờ Phụng Khác
1879,2024-11-11 16:21:42.051856+00,141128379,71-38391,Nhà Thờ & Thánh Đường
1882,2024-11-11 16:24:42.463253+00,83314949,71-38360,Sân Golf
1883,2024-11-11 16:24:42.707202+00,147457686,71-38556,Trung Tâm Giải Trí
1884,2024-11-11 16:24:42.707202+00,147457686,71-38587,Sân Vận Động