1,9.5,0.9,0,0,0,0,0,0,0,0,0,1,1,1,0,1,1,0,1,1,1,0,0,1,1,1,1,1,0,1,1,0,1,0,1,1,0,1,1,0,0,1,0,1,0,0,1,0,1,1,1,0,0,0,0,0,0,0,1,1,1,0,0,0,0,0,0,1,1,1,1,0,1,1,1,1,1,1,1,1,1,1,1,0,1,0,1,1,0,1
2,3.4,0.9,0,1,1,0,1,1,0,1,0,1,0,1,0,0,0,1,0,1,1,0,1,0,1,0,1,1,0,1,1,1,0,1,1,1,0,0,0,0,1,1,1,1,1,0,1,0,0,0,1,1,0,1,1,1,0,1,1,1,1,0,0,0,1,0,0,0,1,0,0,0,1,1,1,0,0,1,0,0,1,0,1,1,1,0,1,1,1,1
3,9.2,0.3,1,0,1,0,1,1,0,1,0,1,0,1,0,1,1,1,0,0,1,1,0,0,1,1,1,1,1,1,1,0,0,0,0,0,1,0,0,0,1,0,0,0,1,1,1,1,1,1,1,0,0,1,0,0,0,0,0,0,0,1,0,1,1,0,1,1,1,0,0,1,1,1,1,0,0,0,0,0,0,1,0,0,0,0,0,0,1,0
4,4.2,0.3,1,1,1,1,1,0,0,0,0,0,1,1,1,0,0,0,1,1,1,0,0,0,1,0,1,1,0,0,1,1,0,1,1,1,1,1,0,1,1,1,1,0,1,0,1,0,0,1,1,1,1,1,0,0,1,0,0,0,0,0,1,0,1,1,1,0,1,1,1,0,1,0,1,1,0,0,1,0,0,0,0,0,0,0,1,0,1,0
5,6.7,0.3,1,1,1,0,0,0,1,1,0,0,0,1,1,1,0,0,0,0,1,1,0,0,0,1,0,0,0,1,1,1,1,0,0,1,1,1,0,0,1,1,0,1,0,0,1,1,1,0,0,0,0,0,1,0,1,1,1,0,1,1,0,1,1,1,1,0,0,1,1,0,1,0,0,1,0,1,1,1,0,0,0,1,1,1,1,0,1,0
6,1.5,0.3,0,0,1,1,1,1,1,1,0,1,1,0,0,0,0,1,1,0,1,1,0,0,0,0,0,0,1,1,1,1,0,1,0,0,0,1,0,0,1,0,1,0,0,0,1,1,1,1,1,1,1,1,1,0,0,0,0,0,0,1,0,1,0,0,0,0,1,1,0,1,0,0,0,0,0,0,0,0,1,1,0,0,1,0,0,1,1,0
7,9.7,0.9,0,0,0,1,1,0,0,0,1,0,1,1,0,1,0,0,0,0,0,1,1,0,0,0,0,0,0,0,1,0,1,1,0,1,1,1,0,1,1,0,1,0,1,0,1,0,0,0,0,1,0,0,1,0,1,1,0,0,1,0,1,1,1,0,1,0,0,1,0,0,1,0,0,0,0,0,1,0,1,1,0,1,0,1,1,0,0,0
8,8.2,0.6,0,0,1,1,0,1,0,1,0,0,1,0,0,0,0,0,1,1,1,0,0,0,1,1,1,1,1,1,0,0,0,1,0,0,0,0,1,1,0,0,0,1,1,0,1,0,0,1,1,0,0,1,0,0,1,1,1,1,1,0,0,0,1,1,1,1,0,1,1,1,1,0,1,1,0,0,1,1,0,1,0,0,0,1,0,1,0,1
9,8.9,0.6,1,0,0,0,1,0,0,0,0,1,1,1,0,0,1,1,1,1,1,0,0,1,1,0,1,0,0,1,1,0,0,1,1,1,0,0,1,1,1,0,0,0,1,1,1,1,0,0,0,0,0,0,1,0,1,0,0,1,0,0,1,0,0,1,1,0,1,1,0,1,1,1,0,1,1,0,0,0,1,0,0,1,0,0,1,1,1,0
10,3.5,0.3,1,1,0,0,1,0,1,1,1,1,0,0,0,0,0,0,0,0,0,0,1,1,0,1,1,1,0,0,0,0,0,1,0,1,0,0,0,1,0,1,1,0,1,0,1,0,0,1,0,1,1,0,0,0,0,1,1,1,1,1,1,1,1,0,0,0,0,0,1,0,0,1,1,1,1,1,0,1,1,0,0,0,0,1,1,0,1,1
11,4.3,0.3,1,0,1,0,0,1,0,1,0,0,1,1,1,1,1,1,1,1,1,1,1,1,1,0,1,0,1,0,1,1,1,0,0,1,1,1,0,0,1,1,1,1,0,1,0,0,0,0,1,0,1,1,1,0,1,1,1,1,1,1,0,0,0,1,1,0,0,0,0,1,1,1,1,0,1,1,0,0,1,0,0,0,0,0,1,1,1,1
12,1.9,0.9,1,0,1,1,0,1,1,1,1,1,0,0,0,1,0,0,1,0,0,1,0,0,1,1,0,0,1,1,1,0,0,1,0,1,1,0,0,0,1,1,0,0,0,1,0,0,0,1,0,0,0,1,1,1,1,0,1,0,0,0,1,0,1,1,0,1,0,1,0,1,1,0,1,1,1,1,1,1,1,0,1,1,0,0,1,1,0,0
13,5.3,0.3,0,0,1,0,0,0,0,1,0,0,0,1,1,0,0,0,1,0,1,0,0,1,1,0,0,0,0,0,0,0,1,1,0,0,1,0,1,1,1,0,0,1,1,1,0,1,0,0,1,0,1,0,0,0,1,0,0,0,1,0,0,1,0,0,1,1,0,0,1,0,1,0,1,0,1,1,0,1,0,0,1,0,1,0,0,1,1,1
14,1.4,0.9,0,0,0,1,1,0,0,1,1,1,1,1,1,1,1,1,0,1,0,0,1,1,1,1,1,0,0,1,1,1,1,1,1,0,1,0,0,1,1,1,1,0,0,0,1,0,0,1,0,0,0,1,1,0,0,1,1,0,1,0,0,1,1,1,1,1,0,1,0,1,1,0,0,0,1,0,1,0,1,0,0,1,0,1,0,1,1,0
15,8.6,0.9,0,0,0,0,0,0,0,1,0,0,1,1,1,1,0,1,1,1,0,0,0,0,1,0,1,1,1,0,1,1,1,1,0,1,1,0,1,1,1,1,0,0,0,1,1,1,1,0,1,1,1,1,1,1,1,0,0,0,1,1,1,0,0,1,1,0,1,1,0,0,1,1,1,0,0,0,0,1,1,0,0,0,0,1,0,0,1,1
16,7.6,0.3,0,1,1,0,1,1,1,0,1,0,0,0,1,0,0,1,1,1,1,0,0,0,1,1,1,0,0,1,0,1,0,1,0,1,0,0,1,0,1,0,1,1,0,0,1,1,1,1,1,0,1,0,0,1,1,0,0,0,0,0,1,0,0,1,1,0,0,0,1,1,0,0,0,1,1,0,1,0,0,0,1,0,1,1,1,0,0,1
17,7.8,0.9,0,0,1,0,0,1,0,1,1,1,1,0,0,1,1,0,0,1,1,1,0,0,1,1,0,1,0,0,1,0,1,0,1,0,1,0,1,1,1,1,1,1,1,0,0,0,0,1,1,1,1,0,0,0,1,1,0,1,0,1,0,0,1,1,1,0,1,1,1,1,0,1,1,1,1,1,0,0,0,0,0,0,1,0,0,1,0,1
18,1.4,0.6,0,1,1,0,1,1,1,0,1,1,0,0,0,1,0,0,1,0,1,1,0,0,1,0,0,1,0,0,0,0,0,1,0,1,1,0,1,1,1,1,0,0,0,0,1,0,0,0,0,0,0,1,0,1,0,0,0,1,1,1,1,0,0,0,1,0,1,1,1,1,1,1,0,0,1,0,0,0,0,0,0,1,1,0,0,0,0,1
19,6.5,0.6,0,0,1,0,1,1,1,1,0,0,0,0,0,1,1,0,0,0,1,0,1,1,1,0,0,1,1,0,1,0,0,1,0,1,1,1,1,0,0,0,1,0,0,0,1,1,1,1,1,1,0,0,1,1,1,0,1,0,0,1,1,0,0,0,0,0,1,0,0,0,1,0,0,0,0,0,0,0,0,0,0,0,0,1,0,0,1,1
20,5.1,0.9,0,0,0,0,0,1,1,1,1,1,0,1,1,1,1,0,1,0,1,1,0,1,1,1,1,0,1,1,0,0,1,1,1,0,1,1,0,0,1,0,0,1,0,1,0,1,1,0,0,1,1,0,1,0,1,0,1,1,0,1,1,0,1,1,0,1,0,0,0,0,1,0,0,0,1,0,1,1,1,0,0,1,0,0,0,0,1,0
21,4.5,0.9,1,0,0,0,1,1,1,0,1,0,1,1,0,0,1,1,0,0,1,0,1,0,0,0,0,0,1,1,0,1,1,1,0,0,1,0,1,0,1,1,0,1,1,1,1,1,0,0,1,1,0,1,0,0,1,0,1,0,1,1,0,0,0,1,0,1,1,1,0,1,0,1,0,0,0,1,1,1,0,0,0,1,0,0,1,0,1,0
22,8.7,0.3,0,1,0,0,1,1,1,1,0,0,0,0,1,0,0,0,0,0,1,0,1,1,0,0,1,1,0,0,0,0,0,1,0,0,0,1,0,1,1,0,1,1,1,0,0,0,1,1,1,0,1,0,0,0,0,1,0,0,1,0,1,1,1,1,1,1,1,0,0,1,1,0,1,0,0,0,0,0,0,1,0,0,0,0,0,1,1,0
23,2.1,0.3,0,1,0,0,0,1,0,1,0,1,1,1,1,1,1,0,0,1,0,1,0,1,0,0,1,0,1,1,0,1,0,0,0,1,0,1,1,0,0,0,0,1,1,0,1,0,1,1,0,1,0,0,1,0,1,1,1,0,1,0,1,1,1,0,0,1,1,0,0,0,0,0,0,0,1,0,1,0,0,1,1,0,0,0,0,1,0,0
24,4.5,0.3,1,0,1,1,1,1,0,0,0,1,0,1,0,0,1,1,0,0,1,0,0,1,1,0,0,0,0,1,0,0,0,0,1,0,1,1,0,0,1,0,1,0,0,0,1,0,0,0,1,0,0,0,0,0,1,1,1,1,0,0,0,1,1,0,1,1,1,0,0,1,0,0,0,1,0,0,1,1,1,0,0,1,1,0,0,1,0,0
25,6.7,0.3,1,0,1,1,0,1,0,1,1,1,1,1,1,1,0,1,1,0,0,0,0,1,1,1,0,0,0,0,1,0,1,0,0,0,0,1,0,1,0,1,1,0,1,0,0,1,1,1,1,0,1,0,0,1,0,0,0,1,0,0,1,1,0,0,0,0,1,0,1,0,1,0,0,0,1,0,1,0,1,1,0,0,1,0,1,1,1,1
26,4.5,0.6,1,1,1,1,1,0,1,1,0,1,1,0,0,1,0,1,0,0,1,0,0,0,0,0,0,0,0,0,0,1,0,0,0,1,1,1,0,1,0,1,0,0,0,1,0,1,0,1,0,0,1,1,1,1,1,0,1,0,1,1,1,1,0,1,0,0,0,1,1,0,1,0,1,1,0,1,0,0,0,1,1,1,0,0,0,1,1,0
27,9.6,0.9,0,0,0,1,1,0,0,1,0,0,1,1,0,1,0,1,0,0,0,1,0,0,0,1,0,0,0,0,1,1,1,0,1,1,1,0,0,0,0,1,0,1,1,0,0,1,1,1,0,0,1,1,0,0,0,0,1,0,1,1,1,1,1,1,0,0,1,0,1,0,0,1,0,0,0,1,1,1,0,0,1,1,0,0,0,0,0,1
28,3.9,0.9,0,0,0,0,0,1,1,0,0,1,1,0,0,1,1,1,1,1,1,1,0,1,0,1,1,1,1,0,1,1,0,1,1,0,0,1,0,0,0,0,1,0,1,1,1,1,1,0,1,1,1,1,1,1,0,0,0,0,0,1,1,1,1,1,1,1,1,0,1,1,0,0,0,1,0,0,0,1,0,1,1,1,0,1,0,1,0,0
29,7.3,0.6,0,1,1,1,0,0,1,0,0,0,0,1,0,0,0,1,1,0,0,0,0,1,0,1,0,1,1,0,0,1,0,0,1,0,0,1,1,0,0,1,1,1,0,0,1,0,0,0,0,0,0,1,0,0,1,1,1,1,1,0,1,0,1,1,0,1,1,0,1,0,0,0,0,1,0,0,0,0,0,0,0,1,0,1,0,1,0,0
30,7.4,0.3,1,1,0,0,0,1,1,1,0,0,0,0,0,1,1,1,0,1,0,1,1,0,1,0,0,1,0,0,1,0,0,0,1,0,0,0,0,0,1,1,0,1,1,1,0,0,1,0,0,0,0,1,0,0,1,1,0,0,1,1,1,1,0,1,0,0,1,0,0,0,1,1,1,1,1,0,0,0,1,1,0,1,0,1,0,1,0,1
31,4.3,0.3,0,1,1,1,0,0,0,0,1,1,0,1,1,0,1,1,1,0,1,0,1,1,1,0,0,1,0,1,0,0,1,0,0,0,0,0,1,1,0,1,1,1,1,1,0,0,1,1,1,0,0,0,1,0,0,0,0,0,0,1,1,0,0,1,0,0,1,0,1,1,1,1,1,1,1,1,1,1,1,1,0,1,1,0,0,1,0,0
32,8.1,0.3,0,0,0,0,1,1,1,0,1,0,0,0,1,0,1,1,1,1,1,1,1,1,0,0,0,0,1,1,1,1,0,0,0,1,0,0,1,0,1,0,0,0,0,0,0,1,1,1,1,0,1,1,0,1,1,0,0,0,0,0,0,1,1,0,1,1,0,0,0,0,1,0,1,0,0,1,0,1,0,0,1,1,1,0,1,1,0,1
33,2.4,0.9,1,0,0,1,1,0,0,1,1,0,1,1,0,1,1,1,1,1,1,1,1,0,0,0,1,1,0,1,0,0,1,0,0,0,0,1,0,0,1,0,0,1,1,1,0,1,1,0,1,0,0,1,1,0,0,1,0,0,1,0,0,0,0,0,1,1,0,1,1,1,1,0,1,1,0,1,1,1,0,1,1,0,0,1,1,1,0,1
34,5.7,0.3,1,1,1,0,0,1,1,1,0,1,0,1,0,0,0,0,0,0,0,0,0,1,0,0,0,1,0,1,0,0,1,1,1,1,0,0,0,0,0,0,1,1,0,0,1,1,1,1,0,1,1,1,1,1,0,0,1,1,1,1,0,1,0,0,1,1,0,0,0,1,1,1,1,0,1,0,1,0,1,1,1,0,0,0,1,1,0,0
35,3.9,0.9,1,1,1,1,0,1,1,0,0,0,0,0,1,1,0,0,1,0,1,0,1,1,0,1,0,0,1,0,0,1,0,1,1,1,0,0,1,1,1,0,0,0,1,1,1,0,0,1,1,1,0,1,1,0,0,1,0,1,0,1,1,1,1,0,1,0,1,1,1,1,0,0,0,1,0,0,0,0,1,1,1,1,1,0,1,0,1,0
36,5.8,0.9,1,1,1,1,0,1,0,0,1,1,0,1,1,1,0,1,1,1,1,1,0,1,0,1,0,0,1,0,1,0,0,0,1,0,0,1,1,0,1,1,0,1,0,1,1,0,0,1,1,1,1,1,0,0,1,0,1,1,1,0,0,0,0,1,1,0,0,0,1,1,0,1,0,0,1,0,0,1,0,1,0,0,0,1,1,1,0,1
37,4.7,0.3,0,0,0,0,1,0,0,0,1,0,0,1,1,0,0,0,0,0,0,0,0,1,0,0,1,1,1,1,0,0,1,1,1,0,1,1,0,0,0,1,1,1,1,0,0,0,0,1,1,0,1,0,1,1,1,0,0,1,1,1,1,1,0,1,1,0,1,1,1,0,1,1,1,1,1,0,0,0,0,1,1,1,1,1,0,1,0,1
38,6.2,0.3,0,1,1,1,0,1,0,0,1,0,1,0,1,0,0,0,0,1,1,0,1,0,0,1,0,1,1,1,1,0,1,1,1,1,1,1,0,1,0,1,0,0,0,1,1,0,1,0,0,0,0,1,1,1,1,1,1,0,0,1,1,1,1,1,1,1,0,0,0,0,1,1,0,1,1,0,0,1,1,0,1,1,1,1,0,0,1,1
39,6.0,0.9,1,0,1,1,0,0,1,1,0,0,1,0,0,0,0,1,0,1,1,0,1,1,1,0,1,1,1,0,0,1,0,1,1,1,1,0,1,0,1,0,1,0,0,0,1,1,0,1,0,0,0,1,1,1,1,0,1,0,1,0,1,1,1,0,1,1,0,0,1,1,0,1,0,0,1,0,0,1,1,1,1,0,0,1,0,1,1,0
40,9.3,0.9,0,0,0,0,0,1,1,1,0,0,1,0,1,1,0,1,1,1,0,1,1,0,1,0,1,1,0,0,1,0,0,1,0,1,0,0,1,1,1,0,0,0,0,1,0,1,1,1,0,1,0,1,0,0,0,0,1,1,1,0,0,1,1,1,1,0,1,0,0,1,0,1,0,0,0,0,1,0,1,0,1,1,1,0,0,0,0,1
41,3.4,0.3,1,0,0,1,1,0,1,0,1,0,0,1,0,0,0,1,0,0,1,0,1,0,1,1,1,0,0,1,1,1,1,1,1,0,1,1,1,1,1,1,0,1,0,1,1,0,0,0,1,0,0,1,1,0,0,0,1,1,0,1,0,0,0,0,0,1,0,1,0,1,1,0,0,0,0,1,0,0,0,1,1,0,0,1,1,1,0,1
42,5.6,0.6,1,1,1,0,0,1,0,0,0,0,1,0,1,0,1,0,1,1,0,1,1,0,1,1,1,0,0,0,1,1,1,1,0,0,1,0,0,0,0,1,0,0,1,0,0,0,1,1,1,1,1,1,1,0,0,0,1,1,0,0,0,1,0,1,1,0,0,1,0,0,0,0,1,0,0,1,0,1,1,0,1,0,1,0,1,0,0,1
43,6.9,0.3,0,1,1,1,1,0,0,1,0,0,1,0,1,1,1,0,1,0,1,1,0,0,1,0,0,1,0,1,1,1,1,0,0,1,1,0,0,1,0,1,0,1,1,0,0,1,0,0,1,1,1,0,0,1,1,0,1,1,1,0,0,1,0,1,1,1,0,0,0,1,0,1,1,1,1,1,0,0,1,1,0,0,0,1,1,1,0,0
44,1.9,0.6,1,0,1,0,0,0,1,0,1,0,0,0,1,0,1,0,1,0,1,0,1,0,1,1,1,0,0,0,0,1,0,1,1,1,0,0,0,0,0,1,0,1,0,1,1,0,1,0,0,1,0,0,1,1,0,0,0,0,0,1,0,0,0,0,0,0,0,0,0,0,0,1,0,0,1,1,1,0,0,0,1,0,0,0,1,1,1,0
45,5.0,0.3,1,0,0,1,1,1,1,0,1,1,0,0,1,1,1,0,1,0,1,0,0,1,1,1,1,0,1,1,1,1,1,1,1,1,1,1,0,0,1,0,1,1,0,0,1,1,0,0,0,0,1,1,1,0,1,1,0,0,1,1,0,0,0,1,0,1,1,0,0,0,1,0,1,0,1,1,0,1,1,1,1,0,0,0,0,1,0,1
46,9.4,0.9,1,1,0,1,0,0,0,1,1,0,1,1,0,0,1,0,1,1,1,0,0,0,1,1,1,1,0,0,1,1,0,0,0,1,1,1,0,1,1,1,1,1,0,1,0,0,1,0,0,0,0,1,0,1,0,0,0,0,1,0,1,1,0,0,1,0,0,1,1,0,0,1,1,0,1,0,1,0,0,1,1,1,1,1,1,1,0,1
47,2.0,0.6,0,1,0,1,0,0,1,1,1,1,0,0,0,0,0,1,1,1,0,1,0,1,0,1,1,0,0,1,1,0,0,0,0,0,0,0,0,1,1,1,1,0,0,0,0,1,1,0,0,0,1,0,1,1,0,1,0,1,0,1,1,1,1,1,0,1,0,0,1,1,1,0,0,0,1,1,1,0,0,1,0,0,0,0,1,0,1,1
48,2.7,0.6,1,0,1,0,0,0,1,0,1,1,0,1,1,0,0,1,1,1,0,1,1,1,1,1,0,0,1,1,0,0,0,0,0,0,0,1,0,1,1,0,1,0,0,1,0,1,0,0,1,1,0,1,1,0,0,1,0,0,0,0,1,0,0,1,0,1,0,1,0,1,1,0,1,0,0,1,1,0,1,0,0,1,0,1,0,0,0,1
49,7.7,0.9,0,1,1,1,0,0,0,0,0,1,0,1,0,0,0,0,1,0,0,0,0,1,1,0,0,1,0,0,1,1,1,1,0,0,0,1,0,0,1,1,0,1,0,1,0,0,1,0,0,0,1,1,1,1,1,1,0,0,0,0,0,0,0,0,0,1,1,0,0,0,0,1,0,0,1,1,0,0,0,1,0,1,1,0,1,1,1,0
50,3.3,0.9,1,0,1,1,0,1,0,1,1,1,1,1,1,1,0,1,1,1,0,0,1,0,1,0,0,1,1,1,0,1,1,0,0,0,0,1,0,0,1,0,1,0,0,1,1,1,0,1,0,1,0,0,1,1,0,1,1,1,0,0,1,1,1,1,1,0,0,0,1,1,1,0,1,1,0,0,0,1,1,1,1,0,0,1,0,1,1,0
51,7.5,0.9,0,0,0,1,1,0,0,0,1,0,0,0,0,1,0,0,1,1,0,1,0,1,1,1,0,1,0,1,0,0,1,1,1,0,0,0,1,1,0,0,0,1,0,0,0,1,1,1,0,0,1,0,0,1,1,1,1,1,0,1,0,0,1,0,1,1,0,0,0,1,0,0,1,1,0,0,1,0,1,0,1,1,0,1,1,0,1,0
52,9.0,0.9,0,0,0,1,1,0,0,1,0,1,0,0,1,1,1,0,1,1,0,1,0,0,0,1,1,0,1,0,1,1,0,0,0,1,0,0,1,1,1,0,0,1,1,0,0,1,1,1,1,1,1,1,0,1,1,1,1,1,1,1,1,1,1,1,0,0,0,0,0,1,1,0,0,0,1,1,1,0,1,0,0,0,0,0,0,0,1,1
53,2.7,0.9,0,1,1,0,0,0,1,0,1,1,0,1,0,0,0,0,0,1,1,0,1,0,0,1,0,0,0,1,1,1,0,1,1,1,1,1,1,1,0,0,1,1,1,0,1,1,0,1,1,0,0,1,1,1,1,1,1,1,0,0,1,0,1,1,0,1,0,1,0,0,1,0,1,1,0,1,0,1,0,1,1,1,1,1,0,0,0,1
54,6.0,0.3,0,1,0,0,1,0,1,1,0,1,0,0,0,1,0,1,1,1,1,1,1,1,0,1,0,0,1,1,0,1,0,0,0,1,1,1,1,0,1,0,0,0,0,0,1,1,0,0,1,0,1,1,1,1,1,1,1,0,0,0,1,1,1,0,1,1,1,0,0,0,0,0,0,1,1,0,1,0,0,1,1,1,0,1,0,1,0,0
55,2.6,0.9,1,1,1,1,0,1,1,0,1,0,1,1,0,0,1,0,1,1,0,0,0,0,1,1,1,1,1,1,0,1,1,1,0,1,0,1,1,0,1,0,0,0,0,0,1,1,0,1,0,1,0,1,1,0,1,1,0,0,1,1,1,1,1,0,1,0,0,1,1,1,0,1,0,0,1,0,1,0,1,1,0,0,0,0,0,1,0,1
56,9.3,0.6,0,0,0,1,1,1,1,0,0,0,0,0,0,0,0,1,1,1,0,0,1,0,1,1,0,1,1,1,1,0,0,0,0,0,0,1,0,1,1,0,1,1,0,1,1,0,0,1,0,1,0,1,1,1,0,1,1,1,1,1,1,0,0,0,1,0,1,1,1,0,1,0,1,0,0,1,0,1,0,0,1,1,0,1,1,1,0,0
57,6.8,0.3,0,1,0,1,1,0,1,0,0,0,0,0,0,0,0,0,1,1,1,0,0,0,0,0,0,1,0,1,0,1,0,1,0,1,0,1,0,0,0,1,0,1,1,0,0,0,1,1,1,0,0,1,1,0,0,1,0,1,1,1,0,0,1,0,0,1,0,1,1,1,0,1,0,0,0,1,1,0,0,1,0,0,0,0,0,1,1,0
58,3.3,0.3,0,0,0,0,0,1,0,0,1,1,1,0,0,1,1,0,0,0,0,0,1,0,0,0,0,1,0,0,1,0,1,0,1,1,1,1,1,1,0,0,1,0,1,1,0,1,1,1,0,0,0,0,0,1,1,1,0,0,0,0,1,1,1,0,1,0,1,0,1,1,0,0,0,1,0,1,1,0,0,1,1,0,0,0,1,1,1,1
59,6.2,0.9,1,0,0,1,0,0,0,0,1,1,1,0,0,1,0,0,0,0,1,1,0,1,1,1,0,1,0,1,1,0,0,1,1,0,1,0,1,1,0,1,0,1,1,0,0,0,0,1,1,1,0,1,1,0,1,1,0,1,0,0,0,1,1,1,0,1,1,0,1,1,1,1,1,1,1,1,1,1,1,1,1,0,1,1,0,1,1,0
60,6.5,0.9,0,1,0,1,0,0,1,0,1,1,0,1,0,0,0,1,1,0,1,1,0,1,0,1,0,1,0,1,1,0,0,0,0,1,1,1,0,1,0,0,1,0,0,1,1,1,0,1,1,0,0,0,0,1,0,1,0,0,0,0,1,1,1,1,0,1,1,0,0,0,0,1,0,0,1,1,1,0,1,1,1,1,1,0,1,1,0,1
61,6.6,0.3,0,0,1,1,1,1,0,0,0,0,0,0,0,1,1,0,0,1,1,0,0,1,1,1,0,0,1,1,1,1,0,0,1,0,1,0,0,1,1,1,0,0,1,1,1,1,0,0,0,0,0,1,0,1,0,1,1,1,1,0,0,1,0,0,1,0,1,0,0,1,1,0,0,0,0,1,1,0,1,1,0,1,0,0,0,0,0,1
62,7.3,0.9,1,0,0,0,0,1,0,1,0,0,0,1,1,0,1,1,1,0,1,1,0,1,1,1,1,0,0,1,1,1,0,0,1,1,0,1,0,0,0,1,0,0,0,0,0,0,0,0,1,0,0,0,1,1,1,1,0,1,0,0,1,1,1,1,1,0,0,1,1,1,0,1,1,0,1,0,0,1,0,1,0,0,1,1,1,1,0,0
63,3.6,0.9,1,1,0,1,0,1,0,1,0,0,1,1,0,0,0,1,0,1,1,0,0,0,0,1,1,0,0,1,1,1,0,0,1,1,0,0,0,0,0,0,0,1,1,1,0,0,1,1,1,1,0,1,0,0,1,1,1,0,0,0,0,1,1,0,1,0,1,0,0,1,1,0,1,0,0,1,1,0,1,0,1,0,0,0,0,1,0,1
64,9.6,0.6,0,1,0,1,1,0,0,0,1,1,0,0,1,1,1,0,1,1,1,0,1,0,0,0,0,1,1,0,1,0,0,1,1,1,1,1,0,1,1,1,1,1,0,0,1,1,1,0,0,0,1,1,1,1,0,1,0,1,1,1,1,1,1,0,0,0,1,0,0,1,1,1,0,1,1,1,1,1,0,0,1,1,0,0,0,0,1,1
65,6.0,0.6,1,1,0,1,1,0,0,0,1,0,0,1,0,0,0,0,1,1,0,0,0,0,1,0,0,0,0,1,1,0,0,1,1,1,0,0,0,1,0,1,0,0,0,0,1,1,1,1,1,0,0,1,1,0,1,0,0,0,0,0,0,0,1,0,1,1,0,1,1,0,0,0,1,1,0,1,0,1,0,1,1,1,0,0,0,1,1,0
66,4.8,0.3,0,1,0,1,0,0,1,1,0,1,1,0,0,0,1,0,0,0,0,0,1,0,0,1,1,0,1,0,0,1,0,1,1,1,1,1,0,1,1,1,0,0,0,1,0,1,0,1,1,1,0,1,0,1,1,1,0,1,0,0,0,0,1,0,0,1,1,0,0,0,0,1,0,1,0,0,0,0,1,0,1,0,1,0,0,1,1,1
67,7.9,0.3,1,1,0,0,1,0,0,1,1,1,0,0,0,0,1,0,0,0,0,0,0,1,0,1,1,1,0,0,0,0,0,1,0,0,0,1,0,1,0,0,0,0,0,0,1,0,0,1,1,1,0,0,1,0,1,1,1,1,1,0,1,0,0,1,1,1,0,1,0,1,0,1,1,0,0,0,0,0,0,1,1,0,1,1,1,0,1,1
68,8.4,0.3,1,1,1,0,1,1,0,0,0,0,1,0,1,1,1,0,0,0,1,0,1,0,1,0,1,0,1,0,1,1,1,0,1,1,0,1,0,0,1,1,0,1,0,0,1,1,1,0,0,0,1,0,1,0,1,0,0,0,1,0,0,1,1,0,1,0,0,1,0,0,0,0,1,0,0,0,0,0,0,0,1,1,1,1,1,0,1,1
69,5.1,0.9,1,0,1,0,0,1,1,1,0,0,1,0,1,0,0,1,1,1,0,0,0,0,1,0,0,1,0,1,1,0,1,1,0,0,0,0,1,1,0,1,0,1,0,1,1,0,0,0,0,1,1,1,1,1,1,1,1,0,1,1,1,0,0,1,1,0,0,1,0,1,1,0,1,0,1,0,0,0,1,1,0,1,1,0,0,0,1,1
70,6.0,0.9,1,1,0,0,0,0,1,1,0,0,0,0,1,0,0,0,1,1,1,1,0,0,0,0,0,0,0,1,1,0,1,1,0,0,1,1,0,0,0,0,0,0,1,0,1,0,0,0,1,0,1,1,0,0,0,0,0,1,1,0,1,0,1,1,0,0,1,0,1,0,0,1,1,1,0,0,1,1,1,0,1,0,1,0,1,1,1,1
71,4.6,0.6,0,1,1,0,1,1,1,1,1,1,0,0,0,1,0,1,1,1,0,1,1,0,0,0,0,1,1,0,1,1,1,0,0,1,1,1,0,1,0,1,0,0,1,1,0,1,1,1,0,1,0,1,0,1,1,1,1,0,1,1,1,0,1,1,1,0,0,0,1,1,0,0,0,0,1,1,0,0,1,0,0,1,1,0,1,1,1,1
72,6.6,0.3,0,1,1,0,0,0,1,1,0,1,0,0,0,0,0,1,1,0,0,0,0,0,0,0,0,0,0,0,1,1,0,0,1,1,0,0,0,0,0,0,0,0,1,0,0,1,0,0,1,1,0,0,1,1,0,0,1,1,0,0,1,1,1,1,0,0,1,0,1,1,1,1,0,0,1,0,1,1,0,0,1,1,0,0,1,1,0,1
73,8.6,0.9,0,1,1,1,0,0,0,0,1,1,0,0,1,1,0,1,1,1,0,1,0,0,1,0,1,0,0,0,0,0,0,0,1,0,0,0,0,0,1,1,1,1,0,1,1,0,1,0,0,1,0,0,0,0,0,0,1,1,1,1,1,1,0,0,1,0,0,0,1,1,1,0,1,0,1,0,0,0,0,0,0,0,0,0,1,1,1,0
74,4.4,0.3,0,0,1,0,0,1,1,0,0,1,0,1,0,1,1,0,1,1,0,1,1,1,1,1,1,1,0,0,0,0,0,1,0,0,1,1,0,0,1,0,0,0,0,1,1,0,0,0,0,1,1,0,0,0,0,1,1,1,1,0,1,0,1,1,1,0,0,1,0,1,1,1,1,0,1,0,1,0,1,0,0,0,0,1,0,1,0,1
75,4.0,0.9,0,0,1,1,1,1,0,1,1,0,0,1,1,1,0,0,0,1,1,0,1,1,0,0,1,1,0,1,0,1,1,0,1,1,0,0,1,0,0,0,0,0,0,0,1,1,0,0,0,0,0,0,0,1,1,1,1,0,1,0,1,0,1,0,0,0,1,1,1,0,1,1,0,1,0,1,1,1,0,1,0,1,0,1,0,0,0,0
76,2.6,0.6,0,1,0,0,0,1,0,1,1,0,1,0,0,1,0,0,1,1,0,0,0,1,0,0,1,0,0,1,0,0,0,0,0,1,0,0,0,1,1,1,0,1,0,0,0,0,1,1,0,0,0,0,0,1,1,1,0,1,1,0,0,1,1,1,0,1,0,1,1,0,1,0,0,1,0,1,0,1,1,0,0,1,0,1,0,1,1,1
77,6.3,0.9,1,0,1,0,1,0,1,1,1,0,1,0,0,0,1,0,0,0,1,0,1,0,0,0,1,0,0,0,0,0,0,1,1,1,0,1,1,0,0,1,1,1,1,1,0,1,1,0,1,1,0,0,1,1,1,1,0,1,1,1,0,0,0,0,1,0,1,0,0,1,1,1,0,0,0,1,1,1,1,0,1,0,0,1,1,1,0,0
78,2.7,0.9,0,1,1,1,0,0,1,1,0,1,0,0,0,0,1,0,0,1,1,0,0,0,0,1,1,1,0,1,0,1,0,1,1,0,0,0,1,1,1,0,1,1,0,1,0,1,1,1,0,1,0,1,1,0,0,0,1,1,0,0,1,0,0,1,0,0,1,0,0,0,0,0,0,0,0,1,0,1,1,1,0,1,0,0,0,1,1,0
79,1.2,0.6,0,1,1,0,1,0,0,0,0,0,0,1,1,0,1,0,0,1,1,1,0,0,0,1,1,1,1,0,0,1,1,0,0,0,1,1,1,1,1,1,0,1,0,0,0,1,0,1,1,1,0,1,1,0,0,1,0,0,0,0,0,0,0,1,0,0,1,0,0,1,1,1,1,1,1,0,0,0,1,0,0,1,1,1,1,1,1,1
80,5.7,0.6,1,0,0,0,1,0,0,1,1,0,0,0,1,1,0,1,0,0,0,1,1,1,0,1,1,0,0,1,1,0,1,0,0,0,0,1,1,0,0,0,1,1,1,0,1,0,1,1,1,0,1,0,1,0,1,1,1,1,0,0,1,1,0,1,1,1,0,1,1,1,0,1,0,0,1,0,0,1,1,0,1,0,1,1,1,0,0,1
81,1.1,0.9,1,0,0,1,0,1,0,1,1,1,1,0,0,0,0,0,0,0,0,1,1,1,1,1,0,1,1,1,1,0,0,0,0,0,1,0,1,0,1,0,1,1,0,1,0,1,1,0,0,0,0,0,0,1,0,0,1,0,0,1,1,1,1,0,1,0,0,1,0,1,0,1,0,0,1,1,0,1,0,1,0,0,0,1,0,1,1,1
82,9.3,0.9,1,1,1,1,1,0,0,0,0,1,0,1,1,1,0,1,0,1,1,0,0,0,1,0,0,1,1,0,0,0,0,1,0,1,0,1,1,1,1,0,1,1,0,1,0,0,1,1,1,1,1,0,0,1,1,1,1,1,0,0,0,1,1,0,0,1,0,0,0,0,1,1,0,1,0,1,0,1,0,1,0,1,0,0,0,0,0,0
83,10.0,0.6,1,0,0,1,0,0,1,1,0,1,0,0,1,1,1,1,1,0,0,0,0,0,0,1,0,0,0,1,1,1,1,0,0,1,0,0,1,0,0,1,1,0,0,0,1,0,1,0,0,1,1,1,1,1,0,1,1,0,1,0,0,0,0,1,1,0,1,0,1,0,0,1,1,0,0,1,0,0,0,0,1,1,1,1,0,0,0,1
84,1.2,0.6,0,1,1,0,1,0,0,0,0,1,0,0,1,0,0,1,1,0,1,1,1,1,0,1,1,1,0,0,1,0,0,1,0,0,1,0,1,1,0,0,0,0,1,0,0,1,1,0,1,1,1,0,1,1,0,1,0,0,0,0,0,0,1,0,1,1,1,1,1,1,1,0,1,0,0,0,0,1,1,1,0,0,0,1,1,0,1,0
85,3.7,0.3,0,1,0,0,1,1,1,0,0,1,1,0,0,1,0,1,1,0,0,0,0,0,0,0,1,0,1,1,0,0,1,0,0,0,0,0,0,0,0,0,0,0,0,1,1,1,1,0,1,1,1,1,1,0,0,1,1,0,1,0,1,0,1,0,0,0,1,1,0,0,1,1,1,1,1,0,0,1,1,0,0,1,1,0,0,0,0,0
86,4.5,0.3,1,1,1,1,0,1,1,1,0,0,0,1,1,1,0,0,0,0,1,0,0,1,1,1,1,1,0,0,0,0,1,1,1,0,0,0,0,1,1,0,0,1,1,0,1,1,1,0,0,0,1,1,0,0,0,0,0,1,1,0,0,0,0,1,1,0,1,0,0,1,0,1,1,0,0,1,0,0,1,1,1,1,0,0,1,1,0,0
87,8.3,0.6,1,1,1,1,1,1,0,1,0,1,0,1,1,0,1,1,1,0,0,0,1,1,1,0,0,1,0,0,0,1,0,1,1,1,0,0,0,1,0,0,1,1,1,0,1,1,0,1,0,0,0,1,0,0,1,1,1,1,0,1,1,1,1,0,0,1,0,0,1,1,0,1,1,0,0,0,1,0,0,0,1,1,1,0,1,0,0,1
88,6.8,0.3,1,1,0,0,1,1,1,0,0,0,0,1,0,1,1,1,0,1,0,1,0,1,1,0,0,1,0,0,1,0,1,0,0,0,0,0,0,0,1,1,1,0,1,0,1,0,1,1,1,1,0,0,0,0,1,1,1,1,1,1,0,0,0,1,0,0,1,0,0,0,0,0,0,1,1,1,1,1,1,1,0,0,1,1,1,0,0,1
89,1.0,0.3,1,0,1,0,1,1,1,1,1,0,1,1,1,1,0,1,1,1,1,1,0,1,0,0,1,0,0,0,1,0,0,0,0,1,1,1,0,0,0,0,1,0,0,0,0,0,1,1,1,0,1,0,1,0,1,0,1,0,1,0,0,1,0,1,1,1,1,0,0,0,0,1,1,1,1,0,0,0,1,0,1,1,0,0,1,0,1,1
90,5.1,0.6,0,0,0,1,0,1,0,1,1,1,0,1,1,0,1,1,0,1,0,0,1,0,0,0,1,0,1,0,0,1,0,1,1,1,0,1,1,1,1,1,0,1,1,1,0,0,1,1,1,1,0,1,0,1,1,0,1,0,1,1,1,0,1,0,0,0,0,0,1,1,1,1,1,0,1,0,1,1,0,0,1,0,1,1,0,1,0,1
91,1.1,0.9,0,0,0,1,1,0,0,0,1,1,1,0,0,0,1,1,0,1,1,1,1,1,0,1,1,1,1,0,0,1,1,1,1,0,0,0,1,0,1,0,0,0,0,0,0,1,1,1,1,0,0,1,0,0,0,1,1,0,1,1,0,0,0,1,1,0,0,1,0,0,0,1,1,1,0,0,0,1,1,1,1,1,0,0,0,0,1,0
92,1.7,0.3,1,1,1,0,1,1,1,0,1,1,0,0,1,1,1,1,0,0,1,0,1,1,0,1,1,1,0,1,0,1,0,1,0,1,1,0,0,1,0,0,1,0,1,0,1,1,1,0,1,1,0,1,0,0,0,0,1,1,1,0,0,0,1,1,0,0,0,1,0,0,0,0,1,0,1,1,0,0,0,1,1,1,1,1,1,0,0,1
93,7.0,0.9,1,0,1,1,0,1,0,1,0,1,0,1,0,0,0,0,0,0,1,0,0,0,1,0,1,1,0,0,0,1,0,0,0,1,1,1,0,1,1,1,1,1,0,0,1,1,1,0,0,1,0,1,1,0,1,1,0,1,0,1,0,1,1,1,0,1,0,0,0,0,1,0,0,1,0,0,0,0,0,0,1,1,1,1,0,0,0,1
94,6.6,0.3,1,0,0,0,1,0,0,1,1,1,0,1,0,1,0,1,1,1,0,0,1,1,1,0,1,0,1,0,1,0,0,1,0,1,1,0,1,1,0,1,1,1,0,0,0,0,0,0,0,0,1,0,1,0,1,0,1,1,0,0,1,1,0,1,0,1,0,0,1,1,0,1,0,0,1,1,0,1,1,1,0,0,0,0,1,1,0,0
95,8.6,0.6,1,0,1,1,1,0,1,1,1,0,1,0,0,0,0,1,0,0,1,0,1,0,1,1,0,0,1,1,0,1,1,1,0,1,0,0,0,1,0,1,0,0,0,0,1,0,1,0,1,1,0,0,1,1,0,1,1,0,0,1,1,0,1,0,1,1,0,0,1,1,1,0,0,0,0,1,0,0,0,0,1,0,0,1,0,0,0,0
96,4.7,0.9,0,0,1,1,1,1,1,0,1,0,0,1,1,1,1,0,1,0,0,0,0,0,0,0,0,0,1,1,1,0,1,1,1,0,0,1,0,1,1,0,0,1,1,0,0,0,0,0,1,0,0,1,1,0,0,1,0,0,1,0,0,1,0,0,0,0,1,0,0,0,1,0,0,1,0,0,0,0,0,0,1,0,0,1,1,0,0,1
97,4.8,0.9,0,0,0,0,1,0,1,0,1,0,0,1,1,1,0,1,1,1,0,0,0,0,1,0,0,0,1,0,0,1,1,1,0,1,0,0,0,0,0,0,1,0,1,0,1,1,1,0,1,1,1,0,0,1,1,0,0,0,1,0,0,1,1,0,0,1,1,1,0,1,1,1,0,0,1,1,0,0,1,1,0,1,1,0,1,0,1,0
98,1.4,0.3,1,0,0,1,0,0,0,1,1,1,0,1,1,1,1,1,0,1,1,0,1,1,0,1,1,1,0,0,0,1,1,1,1,0,0,0,1,1,1,0,1,1,1,0,1,0,1,0,1,0,1,1,0,0,0,1,0,0,1,1,0,0,0,0,1,0,0,0,1,0,1,0,1,1,1,1,1,0,0,0,0,0,1,0,1,0,0,1
99,2.7,0.9,1,1,0,0,0,1,0,1,0,1,1,1,1,1,0,0,1,1,0,1,1,1,0,0,0,1,0,0,0,0,0,0,1,0,1,0,0,0,1,1,0,1,1,1,1,0,0,1,1,1,1,0,0,0,1,1,1,1,0,0,0,0,0,0,1,1,1,0,1,0,1,1,1,0,0,0,1,1,1,1,0,0,1,0,0,1,1,1
100,4.7,0.3,0,1,0,0,1,1,1,0,1,0,1,0,0,1,0,0,1,1,1,1,0,1,0,1,1,0,0,0,1,1,1,1,0,0,1,0,0,1,1,1,0,0,1,0,0,0,1,1,1,0,1,1,0,0,0,1,1,0,0,0,0,1,0,0,1,0,1,0,1,1,0,1,0,1,1,0,0,1,1,0,0,1,1,1,0,0,0,0
101,1.3,0.6,0,0,1,0,1,0,1,0,0,0,1,0,1,1,1,1,0,0,1,1,0,1,0,1,1,1,0,0,1,1,0,1,1,0,0,0,0,0,0,1,1,0,1,1,0,0,1,1,0,0,0,1,1,1,1,1,1,1,0,1,1,1,0,1,0,0,1,0,0,0,0,1,0,0,0,0,1,1,0,0,1,0,0,1,0,0,1,1
102,2.5,0.6,1,0,0,0,0,0,1,0,0,0,0,0,1,1,0,1,0,0,1,0,1,1,1,1,1,0,1,1,1,1,0,0,0,0,1,1,1,0,1,0,1,0,0,0,1,1,0,1,0,1,0,0,0,1,0,0,1,1,0,1,0,1,1,0,1,1,1,0,0,1,1,1,1,0,1,0,1,1,1,1,1,1,1,1,0,1,0,1
103,9.9,0.6,1,1,1,0,0,1,0,0,0,0,0,1,1,0,0,1,1,1,1,1,0,0,1,1,1,0,1,1,0,0,0,1,1,0,1,0,0,1,0,1,1,0,1,0,1,0,0,1,1,1,1,0,1,0,1,1,0,1,0,1,0,0,0,1,0,0,1,1,0,0,0,1,0,1,0,0,0,1,1,1,0,0,0,1,0,0,1,0
104,5.4,0.6,1,1,0,0,0,0,0,0,0,1,1,0,1,0,0,1,0,1,1,1,0,1,1,0,0,1,0,0,0,0,0,0,1,1,0,0,1,0,1,1,1,1,0,0,1,0,1,0,1,0,1,1,1,1,1,0,0,1,0,0,0,0,0,1,1,1,0,0,1,1,1,1,0,1,0,0,1,0,0,0,0,0,0,1,1,1,1,0
105,4.3,0.3,0,1,1,0,1,0,0,1,0,1,0,0,0,1,0,0,1,0,0,1,0,0,0,0,1,0,0,1,0,0,1,1,1,0,1,1,0,0,1,1,1,0,0,0,0,0,0,1,0,0,1,0,1,0,1,1,1,1,0,0,0,0,0,0,0,0,0,0,1,0,0,0,0,0,1,0,0,0,0,1,0,0,0,0,1,0,0,1
106,9.6,0.9,0,0,0,1,0,1,1,1,0,0,0,1,1,0,1,1,1,1,1,1,1,0,0,0,1,0,0,1,0,0,0,0,0,1,1,1,1,1,0,1,0,1,1,0,0,0,1,0,0,0,0,0,1,1,0,1,0,1,0,1,0,0,1,1,0,0,0,1,0,0,1,1,0,0,0,0,0,0,1,1,0,1,0,1,0,0,1,1
107,7.3,0.9,1,0,1,0,0,1,1,1,0,0,1,0,1,0,0,1,0,1,0,1,1,0,0,1,1,0,1,1,1,0,1,1,1,1,1,1,1,0,1,0,0,1,1,0,0,1,0,1,1,1,1,0,0,1,0,0,1,0,1,1,0,0,1,0,1,1,1,0,0,0,0,1,1,0,0,1,0,0,0,1,0,1,0,1,0,0,0,0
108,4.9,0.9,1,0,1,1,0,1,1,0,0,0,1,0,0,0,0,1,1,0,0,0,0,0,0,0,0,1,0,1,1,1,0,0,0,1,1,1,1,1,1,1,1,1,1,0,1,0,0,0,1,1,0,1,1,0,1,0,0,0,0,0,0,1,1,0,1,1,0,0,0,1,0,1,1,0,1,1,0,1,0,0,0,0,1,0,0,1,1,0
109,9.6,0.3,0,0,0,0,1,0,0,0,0,1,1,1,1,1,0,0,1,0,0,0,0,1,1,0,1,0,0,0,1,1,0,1,0,0,0,1,1,0,0,1,0,0,0,0,0,0,1,0,1,1,1,1,1,1,0,1,0,0,0,1,1,0,1,0,0,0,0,0,1,1,1,0,1,1,1,1,0,1,0,0,1,1,1,1,1,0,1,1
110,1.5,0.3,0,1,1,0,1,1,0,0,1,0,1,1,1,0,1,0,1,1,0,1,0,1,1,1,1,0,1,1,1,0,0,1,0,0,0,0,1,0,1,0,0,1,0,0,1,0,0,0,1,0,1,0,1,1,0,0,0,0,1,0,0,1,0,1,0,1,1,1,1,0,1,1,0,1,1,1,1,1,1,1,1,1,1,0,1,1,1,1
111,7.2,0.3,0,1,0,1,1,1,0,0,1,1,0,0,0,0,0,0,0,0,1,0,0,1,1,1,0,1,1,0,1,1,0,0,0,0,1,1,1,1,1,0,1,1,1,0,0,1,0,0,1,1,1,0,1,1,0,1,1,1,0,0,0,0,1,1,0,1,1,1,1,0,0,0,0,1,0,0,0,0,0,1,0,1,0,0,1,0,0,0
112,4.9,0.9,1,0,1,1,1,1,1,1,0,0,1,0,1,0,1,1,1,1,0,0,1,0,1,0,0,0,1,1,1,1,0,0,1,0,1,0,0,0,0,0,0,1,1,0,1,1,1,0,1,0,1,0,1,0,0,0,0,1,1,1,0,1,0,0,0,0,1,1,1,1,1,0,1,1,1,0,1,1,1,0,0,1,0,1,1,1,0,1
113,2.7,0.6,0,0,1,0,1,1,0,1,0,0,0,1,0,1,1,0,1,0,1,0,0,1,0,1,1,0,1,0,1,0,1,0,0,1,1,0,0,1,0,1,1,0,1,1,1,0,0,1,1,1,1,0,1,0,0,0,0,0,0,0,1,1,0,0,1,1,1,1,1,0,0,1,0,1,1,0,1,0,1,1,0,1,1,0,0,0,0,0
114,6.3,0.6,1,0,1,1,0,1,1,0,0,1,1,0,1,0,1,1,0,0,1,1,0,1,1,1,0,1,1,0,1,1,0,1,1,1,1,1,1,1,1,1,1,0,0,1,1,0,0,0,0,1,1,1,1,0,0,0,0,1,1,1,1,1,0,0,1,1,1,1,1,1,0,1,1,1,0,0,1,1,0,0,1,1,0,1,0,0,1,1
115,4.9,0.3,0,0,1,1,1,1,0,0,0,1,1,1,1,1,0,1,1,1,1,0,0,1,1,0,0,0,0,0,1,0,1,1,1,1,0,1,1,0,0,0,0,0,1,0,0,1,0,1,1,0,1,1,1,1,0,0,0,1,0,1,0,1,1,1,1,1,0,0,1,0,1,1,0,1,1,0,1,1,1,1,0,0,0,1,0,0,0,0
116,1.5,0.3,0,0,1,1,1,1,1,0,1,0,0,0,0,0,0,0,0,1,0,1,0,1,0,1,1,0,0,0,0,0,0,0,0,1,0,0,0,0,1,1,1,1,0,1,0,1,1,0,1,1,0,0,1,1,1,0,0,1,0,1,0,1,0,0,1,1,1,0,1,0,1,1,0,1,1,0,1,1,0,0,0,0,0,0,1,1,0,1
117,7.4,0.9,0,1,1,1,1,0,1,0,0,1,0,1,1,0,1,1,0,0,0,1,1,1,0,1,1,1,0,0,0,1,0,1,0,0,1,0,0,1,1,0,1,0,1,1,1,1,0,1,1,1,0,0,0,0,0,1,0,0,0,0,1,0,0,1,1,0,1,1,1,1,0,0,0,0,1,0,0,1,0,1,0,0,1,0,1,0,1,0
118,2.4,0.9,1,0,1,1,0,0,1,1,1,1,1,1,0,1,0,1,0,1,0,1,0,0,1,1,0,0,0,0,1,0,0,1,0,1,0,0,1,1,1,0,0,0,1,0,0,0,0,1,0,1,1,1,0,1,0,1,1,0,1,1,0,0,0,0,0,1,0,1,1,1,0,1,0,1,0,0,1,1,0,0,1,0,1,1,1,0,0,0
119,5.6,0.6,0,1,1,0,1,1,1,0,0,0,1,1,0,0,1,0,0,1,0,0,1,0,0,0,0,0,0,0,0,1,1,0,1,1,0,0,0,0,0,1,1,1,1,0,1,0,1,1,0,1,1,0,1,1,1,0,1,1,1,1,1,1,1,1,1,1,0,1,1,1,0,1,1,0,0,0,1,0,0,1,0,1,1,1,1,1,1,1
120,7.3,0.3,0,0,0,0,0,0,0,1,0,0,0,0,1,0,0,1,1,1,0,0,0,1,0,1,0,0,1,1,0,1,0,1,1,0,0,0,0,0,1,1,0,0,0,0,1,0,1,1,1,1,0,0,0,1,0,1,0,0,1,0,0,1,0,0,0,1,1,1,1,0,0,0,1,0,1,1,1,1,1,1,1,0,1,0,0,1,1,1
121,6.0,0.9,0,1,0,0,1,0,0,0,1,0,1,1,1,1,0,0,1,0,0,1,0,1,1,0,1,0,1,0,0,0,1,1,1,1,0,1,0,1,0,0,1,0,0,1,1,1,0,1,0,0,1,0,1,0,1,1,1,0,1,0,0,0,1,1,1,0,0,1,1,0,1,0,0,0,0,1,0,1,0,0,1,0,1,0,0,0,0,0
122,7.0,0.6,1,1,0,0,1,1,0,1,0,1,0,0,1,0,1,1,0,1,1,1,0,0,0,1,1,1,0,0,0,0,0,0,0,0,1,1,0,1,1,1,1,1,0,1,1,1,1,1,1,0,0,0,1,0,1,0,1,1,1,1,0,1,0,1,0,1,0,1,1,0,1,0,1,0,0,0,1,0,1,1,1,1,1,1,0,1,1,1
123,3.2,0.6,1,0,0,1,1,1,1,0,1,0,0,0,0,1,1,0,1,1,0,1,0,0,1,0,0,1,1,1,1,1,1,1,0,0,1,1,0,1,0,0,0,1,1,1,1,1,1,1,0,1,0,0,0,1,1,0,0,0,1,0,1,1,1,0,1,0,1,0,0,0,0,0,1,1,0,0,0,1,1,0,0,1,0,1,0,0,1,0
124,3.6,0.9,0,1,0,0,1,1,1,1,0,0,0,1,1,0,1,1,0,1,0,1,1,1,1,1,0,1,0,1,1,1,0,0,0,0,0,0,1,1,1,0,0,0,1,1,1,0,1,0,1,1,1,1,0,1,1,1,0,1,0,0,0,1,1,1,0,0,0,0,0,0,1,0,0,1,1,1,1,0,1,1,0,0,0,1,0,0,1,1
125,7.9,0.9,0,1,0,1,0,0,0,0,1,0,1,1,1,0,1,1,0,0,1,0,1,1,0,0,0,0,0,1,1,1,1,1,0,1,0,0,0,1,1,1,1,0,0,1,0,0,1,0,0,1,0,0,1,1,0,1,0,1,0,1,1,1,0,0,1,1,1,0,0,1,1,0,0,1,1,0,0,1,1,0,0,0,1,1,0,0,1,1
126,8.4,0.6,0,0,0,0,0,1,0,1,0,0,1,0,0,0,1,0,0,1,1,0,1,1,1,1,0,1,0,0,1,0,0,1,1,0,0,0,0,1,0,0,1,0,0,1,0,0,1,1,0,1,0,0,1,0,1,0,0,1,1,0,0,1,1,0,0,1,0,1,1,1,1,0,1,1,1,1,1,0,1,1,0,0,0,1,1,0,0,0
127,2.8,0.6,0,1,0,1,1,1,1,0,0,1,0,1,1,1,0,1,0,0,0,1,0,0,0,0,1,1,1,1,0,0,1,0,1,0,0,1,1,0,0,0,1,1,1,0,1,1,1,0,0,1,1,0,1,0,1,0,1,0,1,0,1,0,0,1,1,1,0,1,0,0,0,0,1,0,1,1,1,0,0,0,1,1,0,0,1,0,0,0
128,4.6,0.6,0,1,0,1,0,1,1,1,0,0,1,0,1,1,0,1,1,0,1,1,1,0,0,1,0,0,0,0,0,1,1,1,0,0,1,1,1,1,1,0,0,0,0,0,1,1,0,1,1,0,0,0,0,1,1,1,1,0,1,1,1,1,0,0,0,0,1,0,1,1,0,1,0,0,0,0,0,1,0,1,0,0,1,1,0,1,0,0
129,8.2,0.9,0,0,1,0,0,0,0,1,0,0,1,1,1,1,0,0,1,1,1,0,0,0,1,1,1,1,0,0,0,0,0,1,1,1,1,0,0,1,0,1,1,1,0,1,1,0,1,0,1,0,1,0,1,1,0,1,1,0,0,1,0,0,0,0,0,1,0,0,1,0,1,0,0,1,1,1,0,0,0,0,1,0,0,1,0,1,1,0
130,4.0,0.6,0,0,1,0,0,0,0,0,0,1,0,1,0,1,1,1,0,1,1,1,0,0,0,0,1,1,0,1,1,1,0,0,0,1,0,1,1,1,0,0,1,1,0,1,0,1,0,1,1,1,1,1,1,0,0,0,0,0,0,0,0,1,1,0,0,0,0,1,0,0,1,1,0,1,1,0,0,0,1,1,0,0,0,1,0,0,1,1
131,8.1,0.6,0,0,0,1,1,1,0,1,1,1,0,0,0,1,0,0,0,1,1,1,0,1,1,1,0,0,1,1,0,1,0,0,1,1,1,0,1,0,0,0,1,0,0,0,0,0,1,1,1,1,0,1,1,1,0,1,1,0,1,1,1,0,0,1,0,0,1,0,1,0,1,0,1,0,0,0,1,0,1,0,0,1,1,1,0,0,0,1
132,9.5,0.9,0,0,0,1,0,1,0,0,1,1,0,0,1,0,0,1,1,1,1,1,1,1,1,1,0,1,0,0,0,1,0,1,1,1,0,1,1,1,1,0,0,0,0,1,1,0,0,1,1,0,0,0,0,0,0,0,0,0,0,1,0,0,0,0,1,1,0,1,0,1,0,1,1,1,0,1,1,1,1,1,0,1,0,0,0,1,1,1
133,9.0,0.3,1,0,0,0,1,0,0,0,0,0,1,0,1,0,0,0,0,0,0,1,0,1,1,1,1,0,1,0,0,1,0,0,1,1,1,1,1,1,0,0,0,0,1,0,0,1,1,1,0,1,1,1,0,0,1,1,0,0,1,1,0,0,1,0,1,1,1,0,0,1,1,1,1,1,1,1,0,1,0,0,1,0,0,1,1,1,1,0
134,8.4,0.6,0,0,0,1,0,1,0,1,1,0,0,0,1,1,1,0,0,1,0,1,1,0,1,1,1,1,0,0,1,1,0,1,0,1,1,1,0,1,1,0,1,0,0,1,0,1,1,1,1,0,0,1,0,1,1,1,0,0,0,1,0,1,0,0,0,1,0,1,0,1,1,0,0,1,1,1,0,0,0,1,0,0,0,1,1,0,1,1
135,5.8,0.3,0,0,1,1,1,1,0,1,1,1,1,0,1,0,1,1,1,0,0,0,0,0,1,1,0,0,1,0,0,1,0,0,1,1,1,0,0,1,1,0,1,0,1,0,0,0,0,1,1,1,1,1,0,1,1,0,0,1,0,1,0,0,1,1,1,1,0,1,1,0,0,1,1,0,1,0,1,0,0,1,1,0,0,1,0,0,1,1
136,3.3,0.9,1,1,1,1,0,0,0,0,1,1,1,0,1,1,1,1,0,1,1,1,1,0,1,0,0,1,0,1,1,0,1,0,1,0,0,1,1,1,1,1,0,0,0,1,0,0,0,0,0,1,1,1,0,1,1,1,1,1,1,1,0,1,0,1,0,0,1,0,1,1,1,1,0,0,1,1,1,0,0,0,0,0,1,0,0,1,0,0
137,4.8,0.9,0,1,1,0,0,0,1,0,1,1,1,0,1,1,0,1,1,1,0,0,0,0,1,0,1,0,0,1,1,1,1,0,0,0,1,0,0,0,1,0,0,0,0,1,0,0,0,1,0,0,1,1,1,1,0,0,1,1,1,0,0,1,1,0,0,0,0,1,1,0,1,1,0,1,0,0,0,0,1,0,0,0,0,1,1,0,0,0
138,3.0,0.3,0,1,0,1,0,0,1,1,0,1,0,0,1,0,1,0,0,0,1,0,0,0,1,0,0,1,1,1,1,1,1,1,0,0,0,0,1,0,1,0,0,0,0,0,0,1,1,1,1,0,0,1,0,0,0,1,1,1,0,1,1,0,1,1,0,0,0,1,0,0,0,0,1,0,0,0,1,0,0,1,0,0,0,1,1,1,0,1
139,7.2,0.9,0,0,1,0,0,0,1,1,0,0,1,0,0,0,0,0,1,0,0,0,1,1,1,0,1,0,1,0,0,1,1,0,0,1,1,1,0,0,1,0,0,1,0,0,1,0,0,1,1,1,1,1,0,0,0,1,0,1,1,0,0,1,1,1,0,0,0,0,1,0,0,0,1,0,0,1,1,1,1,0,0,1,0,0,0,0,0,1
140,4.0,0.6,0,0,1,0,0,0,0,0,1,0,1,1,0,0,0,0,1,1,1,1,1,0,0,0,0,1,1,1,1,1,0,0,1,0,1,0,0,0,0,1,0,1,0,0,1,0,0,1,0,0,1,1,1,1,1,0,1,1,0,0,1,1,1,1,0,0,1,0,1,0,0,0,1,1,0,0,1,0,1,0,1,1,0,1,1,0,1,0
141,6.4,0.9,0,1,0,1,0,1,0,1,0,0,1,1,1,0,0,1,1,1,0,0,0,0,0,1,1,0,1,0,1,0,1,1,0,0,0,0,0,1,0,0,1,1,1,0,1,1,1,1,1,1,1,1,1,0,0,0,1,1,1,1,0,1,1,0,1,0,1,0,1,1,0,1,1,1,0,0,1,1,1,1,1,0,0,0,0,0,0,1
142,8.2,0.6,0,1,1,1,1,0,0,1,0,1,1,0,0,0,1,1,1,1,1,1,0,1,1,1,1,1,1,1,1,0,1,0,0,1,0,1,1,0,1,0,0,0,1,1,1,0,0,0,0,1,0,1,0,0,1,1,1,1,1,0,1,1,1,0,0,1,0,0,0,1,0,1,1,1,1,1,1,1,0,1,1,0,0,1,1,0,0,0
143,3.8,0.9,0,1,1,1,1,0,1,1,1,1,0,1,0,1,1,0,0,1,0,0,0,0,0,1,1,1,1,1,1,1,1,0,1,0,0,1,1,1,1,1,1,1,0,0,0,0,0,0,0,1,0,1,1,0,1,0,1,1,0,1,0,0,1,0,0,0,0,1,1,0,0,1,1,0,1,0,0,1,0,1,1,1,0,0,1,0,1,0
144,3.7,0.3,0,0,0,0,1,1,0,1,1,0,1,1,0,1,0,0,0,1,0,1,0,0,0,1,1,1,1,1,1,0,1,1,1,0,1,0,0,1,1,1,0,0,1,1,0,1,0,0,0,1,0,0,1,0,1,1,0,0,0,0,0,0,1,0,1,0,0,1,1,0,0,1,0,0,1,0,1,1,1,1,0,0,0,0,0,0,1,1
145,7.1,0.3,1,1,1,1,1,1,0,1,1,1,0,1,0,0,0,1,0,0,1,1,1,1,0,1,0,0,0,0,1,1,1,1,0,0,0,1,1,0,1,1,1,0,0,0,0,1,0,1,0,0,1,1,0,0,1,0,1,0,1,1,1,0,1,1,0,1,0,1,1,0,1,0,0,0,1,1,0,0,0,1,0,1,0,0,1,0,0,1
146,2.1,0.3,1,1,1,1,0,0,0,0,1,1,1,1,0,1,1,1,0,1,0,0,0,1,1,1,0,0,1,1,1,1,0,1,1,0,1,1,1,1,1,0,0,1,1,1,1,0,1,1,0,0,1,0,0,0,0,0,0,0,0,0,1,1,0,1,1,1,0,0,0,1,1,0,1,1,1,1,1,0,0,0,1,0,0,0,0,0,1,0
147,4.4,0.9,1,1,0,1,1,0,1,1,1,1,0,0,0,0,0,1,1,1,0,1,0,1,1,0,1,1,1,1,0,1,0,1,0,1,1,0,0,1,0,0,1,1,1,0,0,0,0,1,1,0,1,1,0,1,1,1,0,0,0,1,0,1,0,0,0,1,0,1,0,0,1,0,0,0,1,0,1,1,1,1,0,1,1,0,0,1,0,1
148,1.4,0.3,0,1,1,0,1,0,1,0,0,0,0,1,0,0,1,0,0,1,0,0,0,0,1,1,1,1,1,1,1,1,1,1,0,1,0,0,0,0,1,1,1,1,0,1,0,0,1,0,0,1,1,0,0,1,0,1,0,0,1,1,0,1,1,1,1,1,0,0,0,1,1,0,0,0,0,1,1,0,0,0,1,1,1,0,0,0,0,1
149,6.4,0.9,1,1,0,0,1,0,0,1,1,0,1,0,0,1,0,0,0,1,0,1,1,0,0,0,1,1,1,1,0,0,0,1,1,0,1,0,1,1,1,0,1,1,0,0,1,1,1,1,1,1,1,0,0,1,0,1,1,0,1,1,1,1,0,1,1,1,1,0,0,0,1,0,1,1,1,1,0,0,1,0,1,0,0,1,0,1,1,0
150,6.2,0.9,0,0,0,0,1,0,1,1,0,0,1,0,0,0,0,0,1,1,1,0,1,0,0,0,1,1,0,0,0,0,0,1,1,0,1,0,1,0,1,1,1,0,0,0,1,0,1,0,0,0,1,0,1,0,1,1,1,1,0,1,1,1,0,1,0,0,0,0,0,1,0,1,1,1,0,1,0,0,0,0,0,0,1,1,0,0,1,1
151,5.5,0.9,1,1,1,1,0,1,1,0,1,0,1,1,0,0,0,0,1,0,1,0,1,1,0,1,0,1,0,0,0,0,1,0,0,0,1,0,0,0,0,0,0,0,0,0,1,0,0,1,0,1,1,0,1,0,1,1,1,1,0,1,1,1,0,1,1,0,0,0,1,0,1,1,1,1,1,0,1,1,1,1,0,0,0,0,1,0,1,0
152,2.5,0.9,1,0,0,1,0,0,0,1,0,1,1,1,0,1,1,0,0,0,1,0,1,1,0,0,1,1,1,1,1,0,1,1,0,1,1,1,0,0,1,1,1,1,0,1,1,0,0,1,1,0,1,0,1,1,1,0,1,0,1,0,0,1,1,0,0,1,1,1,0,1,0,0,0,1,1,0,0,1,0,1,1,1,1,0,0,1,1,1
153,9.1,0.3,1,1,1,0,0,0,0,0,0,0,1,0,1,1,1,0,1,0,0,1,1,0,0,1,1,0,0,1,1,0,1,1,0,1,1,1,1,0,1,1,1,0,1,1,0,0,1,1,1,0,0,1,0,0,1,0,0,0,1,1,0,1,1,1,1,1,1,1,1,0,0,0,1,1,0,0,0,1,0,0,0,1,1,1,1,0,0,0
154,5.5,0.3,1,1,0,0,0,0,1,0,1,1,1,1,1,0,0,1,1,0,1,0,0,1,1,0,1,1,1,0,1,0,0,0,1,1,0,1,0,0,1,1,1,1,1,1,0,1,0,1,0,1,0,0,0,0,0,0,1,0,0,0,0,1,0,0,0,1,1,1,1,1,1,0,1,1,0,1,1,1,0,1,0,1,1,0,1,0,0,1
155,8.2,0.3,0,1,1,1,0,1,0,0,0,0,1,0,1,0,1,1,0,0,1,0,1,0,1,0,0,0,0,0,1,1,0,1,1,1,1,1,0,0,1,1,0,1,1,0,0,0,1,0,0,0,0,0,1,0,0,0,0,0,0,0,0,1,0,0,0,0,0,1,1,1,0,0,0,1,0,0,1,0,0,0,0,0,1,0,1,0,1,1
156,3.4,0.3,0,1,1,1,0,1,0,0,0,1,1,0,1,1,1,0,1,1,0,0,1,0,0,1,0,1,0,1,1,0,0,1,0,1,0,0,0,1,1,1,0,0,1,1,1,1,0,1,0,1,0,0,0,0,1,1,1,1,0,1,0,1,0,1,0,1,1,0,0,1,1,0,1,0,1,1,1,0,1,1,0,0,0,0,0,1,1,1
157,5.7,0.9,1,0,1,0,1,0,1,1,1,0,0,1,0,1,1,1,0,0,0,1,0,0,1,1,0,0,0,0,0,0,0,0,0,0,1,0,1,1,1,1,1,0,0,1,1,0,1,0,1,1,1,0,1,0,1,0,1,0,0,0,1,1,1,0,0,0,1,0,0,0,1,0,1,1,1,1,1,1,0,0,1,0,1,1,0,1,1,0
158,6.8,0.3,1,0,1,1,1,1,0,1,1,0,1,0,0,1,0,0,0,1,0,0,1,0,1,0,1,0,0,0,1,1,1,0,0,1,0,1,0,0,0,0,1,1,1,0,1,0,0,0,1,0,0,1,0,1,0,0,1,0,1,1,1,1,0,1,1,0,0,1,0,1,0,0,0,1,0,1,1,0,1,0,1,1,1,0,0,1,0,0
159,8.1,0.6,1,0,1,0,1,1,0,1,0,1,1,0,1,0,1,1,1,1,0,0,1,1,0,1,1,0,0,0,0,0,0,0,0,0,0,0,1,0,0,1,0,1,1,1,0,0,1,1,1,1,0,0,1,1,1,1,1,0,0,1,1,0,1,1,0,1,0,0,0,1,1,1,1,1,0,1,1,0,0,1,0,0,0,1,1,0,1,1
160,8.2,0.3,0,0,0,1,0,0,1,1,1,1,0,0,1,0,0,1,1,1,0,0,1,0,1,0,0,0,0,0,1,0,0,0,1,1,1,1,1,0,1,1,0,0,1,0,1,1,1,0,0,1,1,0,0,0,0,1,1,0,1,0,1,0,1,1,0,1,1,1,1,0,1,0,0,1,0,1,0,0,0,0,0,0,1,0,1,0,0,0
161,6.5,0.6,1,1,0,1,1,0,1,0,1,1,1,1,0,1,1,0,1,1,0,1,0,0,1,0,0,1,1,1,1,1,0,1,1,1,1,0,1,0,1,1,0,0,0,0,1,0,1,0,1,0,1,1,0,0,1,0,1,0,1,1,1,0,1,0,0,0,0,0,0,1,1,0,1,0,1,1,0,0,0,0,0,1,0,1,0,0,0,1
162,1.3,0.9,1,0,1,1,0,1,1,1,0,0,0,0,1,0,0,0,1,1,1,0,1,0,1,0,0,1,0,1,0,0,0,1,0,1,1,1,1,1,1,0,1,1,1,0,0,0,1,1,0,1,0,0,0,1,0,1,1,1,1,0,1,1,0,0,1,1,1,0,1,1,1,1,1,0,1,1,0,0,1,0,0,0,1,1,0,1,1,1
163,3.1,0.9,0,1,1,0,0,0,1,1,0,0,1,1,0,1,1,0,1,0,1,1,1,1,1,0,1,1,0,1,0,0,1,0,0,1,1,1,0,0,1,0,1,1,0,1,1,0,1,0,0,1,1,0,1,1,0,1,0,0,0,0,0,0,0,0,0,0,0,0,0,0,0,0,1,0,1,0,1,0,0,0,0,0,0,0,0,1,1,0
164,9.8,0.6,1,0,0,0,0,1,0,0,1,1,0,0,0,0,0,0,1,1,1,0,0,1,0,1,0,1,0,0,0,0,1,0,0,0,0,1,0,0,1,1,0,0,0,1,0,0,0,1,0,0,0,1,0,1,0,0,1,0,1,0,1,1,1,0,1,0,1,0,0,0,0,1,1,0,0,1,1,0,1,0,0,1,0,1,1,0,1,1
165,3.4,0.3,0,1,0,0,0,1,0,0,0,0,1,0,1,0,0,0,1,0,0,0,1,0,0,1,0,0,1,0,0,1,0,1,1,0,1,0,0,0,0,1,0,0,1,0,0,1,1,0,0,1,0,0,1,1,1,1,1,0,1,1,1,1,0,0,1,1,0,0,1,0,0,0,0,1,1,1,0,1,0,1,1,0,0,0,0,1,1,0
166,5.1,0.3,1,0,0,0,0,1,0,0,1,0,1,1,0,0,0,1,0,1,0,0,1,0,0,1,1,1,0,1,1,0,1,1,0,1,0,0,1,1,0,0,0,0,1,0,0,0,1,1,1,1,0,1,0,0,0,1,1,0,0,0,1,1,0,0,0,1,1,1,0,1,0,1,1,0,0,0,1,1,1,0,0,1,1,1,0,1,1,1
167,9.4,0.6,1,1,1,1,0,0,0,0,0,1,0,1,1,0,0,1,0,0,1,0,0,1,0,1,1,1,0,1,0,0,1,0,1,0,1,0,0,0,1,1,0,0,0,0,1,0,0,1,1,1,1,0,0,0,0,0,0,0,0,0,1,0,1,0,0,1,0,0,0,0,0,1,0,1,0,1,1,0,1,0,1,0,0,0,1,1,0,0
168,5.0,0.3,0,0,1,1,0,0,1,0,0,0,0,0,1,1,0,1,1,1,0,0,0,0,1,1,0,0,0,1,1,1,0,0,1,1,0,1,0,1,0,0,0,1,0,1,1,1,1,1,1,1,1,0,1,0,0,1,1,1,1,0,1,0,1,0,1,0,0,1,1,0,1,0,1,0,1,0,1,0,0,1,1,0,1,0,1,1,0,1
169,9.3,0.6,1,0,0,1,0,0,0,1,1,0,1,0,1,1,1,1,1,1,0,1,0,1,0,0,0,0,0,0,0,1,0,1,0,0,1,1,0,0,0,0,1,1,0,0,1,0,0,0,0,1,1,0,0,1,0,1,0,1,1,0,1,1,0,1,1,0,0,0,1,0,0,1,0,0,1,1,1,0,0,0,0,1,0,1,1,1,1,1
170,3.9,0.3,0,0,1,0,1,1,1,1,1,1,0,0,1,0,1,0,1,1,1,1,0,1,1,1,1,1,1,0,0,1,0,0,0,1,0,0,1,1,1,0,0,0,0,0,0,1,1,1,1,1,0,1,0,0,1,1,1,1,0,0,1,1,1,0,1,1,1,0,0,0,0,1,0,0,0,0,1,0,1,0,0,1,0,0,0,1,1,1
171,8.8,0.3,1,0,1,1,1,1,1,0,1,1,0,0,1,1,1,1,0,0,1,0,1,1,0,0,0,0,0,0,1,0,0,1,1,0,0,0,0,1,1,0,0,0,0,1,0,0,1,0,0,0,0,0,1,1,1,0,0,1,1,0,0,0,1,0,1,1,1,1,0,0,1,1,0,0,1,0,0,1,0,0,1,0,0,1,0,0,0,0
172,1.2,0.9,1,1,0,1,0,0,1,0,0,0,1,1,0,1,1,0,0,1,1,1,0,0,0,0,1,1,1,1,0,1,0,0,0,1,0,1,0,1,0,1,0,0,1,1,0,1,1,0,1,0,1,1,1,1,0,1,1,0,1,1,0,0,0,0,1,1,0,1,1,1,0,1,1,1,1,0,1,0,0,0,0,0,0,0,1,0,1,0
173,1.8,0.3,1,0,1,0,1,1,1,0,1,1,0,0,1,0,1,0,1,1,0,0,0,0,1,0,0,0,1,0,1,1,0,0,1,0,0,1,1,1,1,0,1,0,0,0,0,0,1,1,0,0,0,0,1,1,1,0,0,0,0,0,1,1,0,0,0,0,0,0,1,1,1,1,1,0,0,0,0,0,0,0,1,1,0,0,1,1,1,0
174,8.6,0.6,1,1,1,0,0,0,0,1,1,1,1,0,1,0,0,1,1,1,0,0,1,0,0,0,0,1,1,0,0,0,0,0,1,0,1,0,0,1,1,0,0,1,1,0,1,0,1,1,0,1,1,1,0,1,1,1,1,0,0,0,0,1,1,0,1,1,0,1,1,0,0,1,0,1,1,1,0,0,1,1,1,1,0,1,0,0,1,1
175,1.0,0.3,0,0,1,1,0,1,0,1,0,1,1,1,1,0,1,0,0,0,0,0,0,1,1,0,1,1,0,1,1,1,0,0,1,1,0,1,1,0,0,0,0,0,1,0,1,0,0,1,0,0,1,0,1,1,1,1,1,1,0,1,1,1,1,1,1,0,0,1,0,0,0,1,1,1,0,1,1,0,1,1,0,1,0,1,1,1,1,0
176,8.8,0.3,0,0,0,1,1,0,1,0,1,1,1,1,1,0,0,1,1,1,1,1,0,0,0,1,1,1,1,1,1,1,1,1,1,1,0,0,1,0,0,0,0,1,0,1,1,0,0,0,0,1,0,1,1,1,1,1,1,1,0,1,0,0,0,1,1,1,0,0,0,1,1,0,0,1,1,0,0,1,0,0,1,0,1,0,0,1,0,0
177,6.3,0.9,0,0,0,1,0,0,0,1,1,0,1,0,0,1,0,1,0,0,1,1,1,1,1,0,0,1,1,1,1,1,1,1,1,0,0,0,1,0,1,1,0,1,1,1,0,0,1,1,0,1,1,1,1,0,0,0,1,0,0,0,1,0,1,1,0,0,1,1,0,0,0,0,0,0,1,0,1,1,0,1,1,0,0,0,0,1,0,1
178,2.5,0.6,1,0,0,0,0,1,1,0,1,0,0,1,1,0,0,0,0,0,0,0,1,1,1,0,1,1,1,0,0,1,0,0,0,1,0,1,1,1,0,1,0,0,0,1,1,0,0,0,1,0,0,1,0,1,1,0,1,1,0,1,0,0,1,1,1,0,0,0,0,0,1,1,0,1,1,1,1,1,1,0,1,1,1,1,1,1,1,0
179,6.6,0.6,0,1,1,1,0,0,1,0,0,0,1,0,0,0,1,0,0,1,0,1,1,1,0,1,1,1,0,1,1,1,0,1,1,0,0,1,1,0,0,1,1,1,0,0,0,0,0,1,0,1,1,0,0,1,1,1,0,1,0,1,1,0,0,0,0,0,0,1,1,1,1,0,0,1,0,0,1,1,1,0,0,1,0,1,0,1,1,1
180,6.4,0.6,0,1,1,1,0,1,1,1,1,1,0,0,1,1,1,0,0,0,1,0,0,0,0,1,1,1,0,1,0,0,1,1,0,0,1,0,1,1,1,0,1,1,0,1,0,1,0,0,0,0,0,0,1,1,1,0,1,1,0,0,1,1,0,0,1,0,1,1,1,0,1,0,1,1,0,0,0,0,0,1,1,1,0,1,0,1,1,0
181,3.9,0.3,0,0,1,1,0,0,0,0,1,1,1,0,1,1,1,1,1,0,0,1,0,0,1,0,1,0,0,0,0,0,1,1,1,0,0,1,0,1,1,0,0,0,1,1,1,0,1,1,0,1,0,0,0,1,0,1,0,1,0,0,0,0,0,0,0,0,0,0,1,1,0,1,0,0,0,1,0,0,0,1,0,1,1,1,0,0,0,0
182,9.8,0.3,0,0,1,0,0,1,1,0,1,1,1,0,0,0,0,0,0,0,0,1,1,1,1,0,0,1,1,0,0,0,0,1,1,1,0,0,1,1,1,1,0,1,0,1,0,0,0,0,0,0,0,0,0,1,0,1,1,1,0,0,0,0,0,0,0,1,1,0,1,0,1,1,0,1,1,1,1,0,0,0,1,0,0,0,0,1,0,0
183,5.5,0.9,1,0,1,0,1,1,1,0,1,0,0,1,1,1,0,1,1,0,1,1,0,0,1,1,1,0,1,0,0,0,1,1,0,0,0,0,1,1,1,1,1,0,0,0,0,0,1,0,1,1,0,1,0,1,0,0,1,1,0,1,1,1,0,1,0,0,0,0,1,0,1,1,1,0,0,1,1,0,1,1,1,1,1,1,0,0,0,0
184,8.3,0.3,1,1,1,1,0,1,0,0,1,1,0,1,0,1,0,1,1,0,1,1,1,0,0,0,1,1,1,1,0,0,0,1,0,1,1,0,0,0,1,0,0,1,1,1,1,0,0,1,0,1,1,0,1,0,1,1,1,1,1,1,1,1,0,1,0,0,1,0,1,0,0,1,1,1,0,0,0,1,1,1,1,0,0,0,1,1,1,1
185,9.4,0.6,1,0,1,0,1,0,1,0,1,0,0,1,0,0,1,0,0,0,1,0,0,1,1,0,0,0,0,1,0,1,1,0,0,1,0,1,1,1,0,1,0,0,1,0,0,1,0,0,1,0,1,0,1,0,0,1,1,0,0,0,1,0,1,1,1,1,1,0,0,1,1,0,1,0,1,0,1,1,1,1,1,1,1,1,1,0,1,1
186,5.8,0.6,0,1,1,1,0,1,1,0,0,1,1,1,0,0,0,1,0,1,0,1,1,0,0,1,0,0,0,1,1,0,1,1,0,0,1,1,1,0,0,1,0,0,1,1,1,1,1,0,1,0,0,0,1,0,1,0,0,1,1,1,1,1,1,0,0,1,1,1,1,1,0,0,1,1,0,0,0,0,0,0,0,1,1,1,1,0,1,1
187,1.3,0.9,1,1,1,0,1,0,1,1,1,1,0,0,1,0,1,1,0,0,0,1,0,0,1,0,0,1,1,1,0,1,0,1,0,0,0,0,1,1,1,0,1,0,0,1,0,1,0,0,1,1,1,1,1,0,1,1,0,1,1,0,0,1,1,0,0,1,0,1,1,1,0,0,1,0,1,1,0,1,0,0,0,1,0,0,0,0,0,0
188,3.8,0.9,0,1,0,1,0,0,0,1,0,1,0,0,0,0,1,1,0,0,0,1,0,0,1,1,0,0,0,0,0,0,0,1,1,1,1,0,1,0,1,0,0,1,0,1,0,0,1,1,1,1,1,0,0,1,0,0,1,0,1,0,0,0,1,1,1,1,1,0,1,0,1,0,0,1,1,1,1,1,0,1,1,0,1,1,0,0,0,0
189,8.3,0.3,1,1,1,1,0,0,0,1,1,0,1,0,1,1,1,1,1,0,0,0,0,1,1,0,0,1,1,1,1,0,0,1,0,1,0,1,0,1,1,1,0,1,1,1,0,1,0,0,0,1,0,0,0,1,1,0,0,1,1,1,0,0,0,0,0,1,0,0,1,1,0,1,1,0,1,0,0,1,0,1,0,0,0,0,1,0,1,0
190,1.2,0.3,0,0,1,1,0,1,1,0,1,1,0,0,1,0,0,0,1,1,0,1,1,0,0,0,1,0,1,1,0,0,0,0,1,1,0,0,1,0,1,0,0,0,1,0,1,0,1,0,0,0,1,0,1,0,1,0,0,0,0,0,0,1,0,0,0,1,0,0,1,1,1,0,1,1,1,1,1,0,0,0,1,1,0,0,1,0,1,1
191,8.9,0.3,0,0,0,1,1,1,0,0,0,0,1,0,0,1,0,1,0,1,0,0,1,0,1,0,0,0,0,1,1,0,1,1,1,1,1,0,0,0,0,0,1,0,0,0,1,0,0,0,1,1,1,0,1,0,0,0,0,0,0,1,1,0,1,1,0,1,1,1,0,1,0,0,0,0,1,1,0,1,1,1,0,1,0,0,0,1,0,0
192,2.1,0.3,1,0,1,1,0,0,0,1,1,0,0,1,0,0,1,1,1,1,1,0,1,0,0,1,1,1,1,0,0,1,0,1,0,1,0,1,0,0,1,0,1,0,0,1,0,0,0,1,0,1,1,0,0,0,1,0,1,0,0,1,0,0,0,0,0,0,1,1,0,1,1,1,1,1,1,0,1,1,1,0,0,1,0,1,1,0,0,0
193,6.3,0.3,0,0,0,0,0,1,0,0,0,1,0,0,1,0,1,0,1,0,0,1,1,0,1,0,1,0,1,1,1,1,1,1,0,0,0,1,0,1,1,1,0,1,0,1,0,1,0,0,0,0,1,1,1,1,0,1,0,0,0,1,1,1,0,1,0,1,0,0,1,1,1,0,1,0,1,0,1,1,1,1,1,0,1,1,0,0,1,0
194,1.5,0.6,0,0,0,1,1,0,0,1,0,1,1,1,1,1,1,0,0,0,1,0,0,1,0,0,1,1,0,0,0,1,1,1,1,1,1,1,0,1,0,1,0,0,1,0,0,0,1,1,1,0,1,0,1,0,1,0,0,0,0,0,0,1,1,1,1,1,1,1,0,1,1,0,1,0,1,0,1,1,1,0,1,1,0,1,0,1,0,1
195,5.7,0.3,0,0,0,0,1,0,1,1,0,0,0,0,1,0,1,1,0,1,0,1,1,0,1,1,0,1,1,0,0,0,1,1,0,1,1,1,0,1,1,0,0,1,0,0,1,1,1,1,0,1,1,0,0,0,1,0,1,1,1,0,1,0,0,0,1,1,1,1,1,1,0,1,1,0,0,0,0,1,0,0,1,0,1,1,1,1,1,1
196,2.3,0.9,1,1,1,0,1,0,1,0,0,1,1,1,1,0,1,0,0,1,0,0,0,1,1,0,0,1,1,1,0,1,1,0,1,1,0,1,0,0,1,1,0,1,1,0,0,1,1,1,0,1,0,0,1,0,0,0,0,0,0,0,0,1,1,1,0,1,1,1,1,0,0,0,0,0,1,1,0,0,1,0,0,0,1,0,1,1,1,1
197,1.7,0.9,0,0,1,0,0,1,0,0,0,0,1,1,0,0,0,0,1,0,1,1,1,1,1,0,1,0,1,1,1,1,0,0,0,1,0,0,1,1,0,1,1,1,1,0,0,1,0,1,1,0,0,0,1,0,1,0,1,1,0,1,0,1,1,1,1,1,1,1,1,1,1,1,0,1,1,1,0,1,0,0,1,1,1,1,0,1,1,1
198,1.4,0.3,0,0,0,0,0,1,1,1,0,0,0,0,1,0,1,0,1,0,1,0,0,0,0,0,0,0,1,1,1,0,0,1,1,0,0,0,1,1,1,1,1,0,0,1,0,0,1,0,1,1,1,0,0,1,0,0,0,0,0,0,1,1,0,0,0,1,0,0,0,0,0,0,0,0,0,0,0,0,1,0,1,1,0,1,0,0,1,0
199,4.9,0.6,0,1,1,0,0,0,0,0,1,0,1,0,1,1,1,1,0,0,0,0,0,1,0,1,0,1,1,1,0,1,1,1,0,1,1,0,0,1,1,0,0,1,0,1,1,1,1,0,0,0,1,1,0,1,1,1,1,0,1,1,1,1,0,1,0,1,1,0,1,0,1,1,0,0,1,0,1,1,0,1,1,0,1,0,1,1,1,1
200,9.9,0.3,0,1,1,0,0,1,0,1,1,0,1,0,1,0,0,0,1,0,0,1,1,0,0,1,0,1,0,1,1,0,0,0,1,1,1,0,1,1,0,1,0,0,1,0,0,1,1,0,1,1,1,0,0,0,0,0,0,1,1,1,1,1,1,1,1,0,1,1,1,1,0,0,1,0,0,1,0,1,0,0,0,1,1,0,0,1,0,0
